Epoch,State,Count
Epoch,State,Count
Epoch,State,Count
0,Susceptible,56
0,Infectious,33
0,Recovered,10
1,Susceptible,29
1,Infectious,54
1,Recovered,15
2,Susceptible,20
2,Infectious,58
2,Recovered,21
3,Susceptible,15
3,Infectious,60
3,Recovered,23
4,Susceptible,17
4,Infectious,56
4,Recovered,26
5,Susceptible,18
5,Infectious,57
5,Recovered,24
6,Susceptible,18
6,Infectious,55
6,Recovered,25
7,Susceptible,18
7,Infectious,56
7,Recovered,25
8,Susceptible,19
8,Infectious,56
8,Recovered,24
9,Susceptible,18
9,Infectious,58
9,Recovered,23
10,Susceptible,17
10,Infectious,55
10,Recovered,26
11,Susceptible,18
11,Infectious,56
11,Recovered,24
12,Susceptible,18
12,Infectious,55
12,Recovered,26
13,Susceptible,20
13,Infectious,54
13,Recovered,25
14,Susceptible,20
14,Infectious,57
14,Recovered,22
15,Susceptible,18
15,Infectious,56
15,Recovered,25
16,Susceptible,18
16,Infectious,54
16,Recovered,27
17,Susceptible,19
17,Infectious,53
17,Recovered,26
18,Susceptible,19
18,Infectious,54
18,Recovered,25
19,Susceptible,20
19,Infectious,54
19,Recovered,24
20,Susceptible,18
20,Infectious,56
20,Recovered,25
21,Susceptible,17
21,Infectious,54
21,Recovered,27
22,Susceptible,19
22,Infectious,54
22,Recovered,26
23,Susceptible,20
23,Infectious,54
23,Recovered,24
24,Susceptible,21
24,Infectious,53
24,Recovered,24
25,Susceptible,20
25,Infectious,54
25,Recovered,24
26,Susceptible,17
26,Infectious,57
26,Recovered,24
27,Susceptible,18
27,Infectious,54
27,Recovered,26
28,Susceptible,20
28,Infectious,53
28,Recovered,26
29,Susceptible,20
29,Infectious,52
29,Recovered,27
30,Susceptible,20
30,Infectious,55
30,Recovered,24
31,Susceptible,18
31,Infectious,56
31,Recovered,25
32,Susceptible,18
32,Infectious,54
32,Recovered,26
33,Susceptible,19
33,Infectious,53
33,Recovered,26
34,Susceptible,19
34,Infectious,54
34,Recovered,26
35,Susceptible,21
35,Infectious,53
35,Recovered,25
36,Susceptible,20
36,Infectious,55
36,Recovered,23
37,Susceptible,19
37,Infectious,56
37,Recovered,24
38,Susceptible,18
38,Infectious,54
38,Recovered,26
39,Susceptible,18
39,Infectious,55
39,Recovered,25
40,Susceptible,19
40,Infectious,55
40,Recovered,24
41,Susceptible,19
41,Infectious,53
41,Recovered,26
42,Susceptible,18
42,Infectious,55
42,Recovered,26
43,Susceptible,18
43,Infectious,56
43,Recovered,25
44,Susceptible,18
44,Infectious,55
44,Recovered,26
45,Susceptible,18
45,Infectious,55
45,Recovered,25
46,Susceptible,19
46,Infectious,54
46,Recovered,26
47,Susceptible,20
47,Infectious,53
47,Recovered,26
48,Susceptible,20
48,Infectious,53
48,Recovered,25
49,Susceptible,18
49,Infectious,55
49,Recovered,25
50,Susceptible,20
50,Infectious,54
50,Recovered,25
51,Susceptible,18
51,Infectious,58
51,Recovered,23
52,Susceptible,18
52,Infectious,53
52,Recovered,27
53,Susceptible,21
53,Infectious,53
53,Recovered,25
54,Susceptible,21
54,Infectious,53
54,Recovered,25
55,Susceptible,21
55,Infectious,51
55,Recovered,27
56,Susceptible,22
56,Infectious,51
56,Recovered,25
57,Susceptible,24
57,Infectious,51
57,Recovered,24
58,Susceptible,21
58,Infectious,53
58,Recovered,25
59,Susceptible,20
59,Infectious,56
59,Recovered,22
60,Susceptible,17
60,Infectious,57
60,Recovered,24
61,Susceptible,17
61,Infectious,56
61,Recovered,25
62,Susceptible,17
62,Infectious,56
62,Recovered,26
63,Susceptible,20
63,Infectious,55
63,Recovered,24
64,Susceptible,19
64,Infectious,54
64,Recovered,26
65,Susceptible,20
65,Infectious,54
65,Recovered,25
66,Susceptible,20
66,Infectious,53
66,Recovered,26
67,Susceptible,19
67,Infectious,54
67,Recovered,25
68,Susceptible,19
68,Infectious,55
68,Recovered,25
69,Susceptible,18
69,Infectious,55
69,Recovered,25
70,Susceptible,18
70,Infectious,55
70,Recovered,26
71,Susceptible,18
71,Infectious,54
71,Recovered,26
72,Susceptible,21
72,Infectious,53
72,Recovered,25
73,Susceptible,20
73,Infectious,53
73,Recovered,26
74,Susceptible,18
74,Infectious,57
74,Recovered,24
75,Susceptible,17
75,Infectious,56
75,Recovered,26
76,Susceptible,17
76,Infectious,56
76,Recovered,25
77,Susceptible,18
77,Infectious,56
77,Recovered,25
78,Susceptible,18
78,Infectious,54
78,Recovered,26
79,Susceptible,19
79,Infectious,55
79,Recovered,25
80,Susceptible,19
80,Infectious,54
80,Recovered,25
81,Susceptible,19
81,Infectious,53
81,Recovered,26
82,Susceptible,18
82,Infectious,54
82,Recovered,26
83,Susceptible,18
83,Infectious,57
83,Recovered,23
84,Susceptible,18
84,Infectious,56
84,Recovered,25
85,Susceptible,18
85,Infectious,57
85,Recovered,24
86,Susceptible,18
86,Infectious,56
86,Recovered,24
87,Susceptible,18
87,Infectious,53
87,Recovered,27
88,Susceptible,19
88,Infectious,55
88,Recovered,25
89,Susceptible,18
89,Infectious,56
89,Recovered,25
90,Susceptible,19
90,Infectious,53
90,Recovered,26
91,Susceptible,19
91,Infectious,55
91,Recovered,24
92,Susceptible,16
92,Infectious,55
92,Recovered,27
93,Susceptible,19
93,Infectious,54
93,Recovered,25
94,Susceptible,18
94,Infectious,57
94,Recovered,24
95,Susceptible,17
95,Infectious,54
95,Recovered,27
96,Susceptible,19
96,Infectious,55
96,Recovered,24
97,Susceptible,17
97,Infectious,56
97,Recovered,26
98,Susceptible,19
98,Infectious,54
98,Recovered,26
99,Susceptible,19
99,Infectious,55
99,Recovered,24
100,Susceptible,18
100,Infectious,55
100,Recovered,25
101,Susceptible,18
101,Infectious,55
101,Recovered,25
102,Susceptible,18
102,Infectious,53
102,Recovered,27
103,Susceptible,21
103,Infectious,52
103,Recovered,26
104,Susceptible,19
104,Infectious,53
104,Recovered,27
105,Susceptible,19
105,Infectious,55
105,Recovered,24
106,Susceptible,18
106,Infectious,55
106,Recovered,26
107,Susceptible,20
107,Infectious,53
107,Recovered,26
108,Susceptible,18
108,Infectious,56
108,Recovered,25
109,Susceptible,19
109,Infectious,53
109,Recovered,26
110,Susceptible,19
110,Infectious,55
110,Recovered,25
111,Susceptible,19
111,Infectious,54
111,Recovered,26
112,Susceptible,18
112,Infectious,57
112,Recovered,24
113,Susceptible,19
113,Infectious,54
113,Recovered,26
114,Susceptible,20
114,Infectious,53
114,Recovered,25
115,Susceptible,20
115,Infectious,54
115,Recovered,25
116,Susceptible,21
116,Infectious,52
116,Recovered,25
117,Susceptible,21
117,Infectious,50
117,Recovered,27
118,Susceptible,23
118,Infectious,52
118,Recovered,24
119,Susceptible,22
119,Infectious,52
119,Recovered,25
120,Susceptible,20
120,Infectious,56
120,Recovered,23
121,Susceptible,19
121,Infectious,55
121,Recovered,25
122,Susceptible,19
122,Infectious,55
122,Recovered,25
123,Susceptible,17
123,Infectious,57
123,Recovered,25
124,Susceptible,16
124,Infectious,57
124,Recovered,26
125,Susceptible,16
125,Infectious,56
125,Recovered,27
126,Susceptible,17
126,Infectious,54
126,Recovered,27
127,Susceptible,19
127,Infectious,54
127,Recovered,25
128,Susceptible,18
128,Infectious,55
128,Recovered,26
129,Susceptible,18
129,Infectious,54
129,Recovered,26
130,Susceptible,17
130,Infectious,56
130,Recovered,25
131,Susceptible,18
131,Infectious,55
131,Recovered,26
132,Susceptible,18
132,Infectious,56
132,Recovered,24
133,Susceptible,18
133,Infectious,56
133,Recovered,25
134,Susceptible,18
134,Infectious,54
134,Recovered,26
135,Susceptible,18
135,Infectious,56
135,Recovered,25
136,Susceptible,18
136,Infectious,55
136,Recovered,26
137,Susceptible,19
137,Infectious,54
137,Recovered,25
138,Susceptible,19
138,Infectious,53
138,Recovered,26
139,Susceptible,18
139,Infectious,55
139,Recovered,25
140,Susceptible,18
140,Infectious,56
140,Recovered,25
141,Susceptible,19
141,Infectious,55
141,Recovered,24
142,Susceptible,19
142,Infectious,55
142,Recovered,24
143,Susceptible,19
143,Infectious,55
143,Recovered,25
144,Susceptible,19
144,Infectious,54
144,Recovered,25
145,Susceptible,20
145,Infectious,55
145,Recovered,24
146,Susceptible,20
146,Infectious,53
146,Recovered,26
147,Susceptible,19
147,Infectious,54
147,Recovered,26
148,Susceptible,19
148,Infectious,53
148,Recovered,26
149,Susceptible,20
149,Infectious,53
149,Recovered,25
150,Susceptible,20
150,Infectious,54
150,Recovered,25
151,Susceptible,19
151,Infectious,55
151,Recovered,25
152,Susceptible,20
152,Infectious,53
152,Recovered,25
153,Susceptible,19
153,Infectious,56
153,Recovered,24
154,Susceptible,18
154,Infectious,57
154,Recovered,24
155,Susceptible,18
155,Infectious,54
155,Recovered,27
156,Susceptible,20
156,Infectious,52
156,Recovered,26
157,Susceptible,21
157,Infectious,53
157,Recovered,24
158,Susceptible,19
158,Infectious,53
158,Recovered,26
159,Susceptible,21
159,Infectious,53
159,Recovered,25
160,Susceptible,20
160,Infectious,54
160,Recovered,25
161,Susceptible,22
161,Infectious,54
161,Recovered,23
162,Susceptible,20
162,Infectious,53
162,Recovered,25
163,Susceptible,20
163,Infectious,54
163,Recovered,25
164,Susceptible,19
164,Infectious,56
164,Recovered,24
165,Susceptible,19
165,Infectious,54
165,Recovered,25
166,Susceptible,19
166,Infectious,55
166,Recovered,25
167,Susceptible,18
167,Infectious,55
167,Recovered,25
168,Susceptible,19
168,Infectious,53
168,Recovered,26
169,Susceptible,20
169,Infectious,55
169,Recovered,23
170,Susceptible,18
170,Infectious,55
170,Recovered,25
171,Susceptible,19
171,Infectious,54
171,Recovered,26
172,Susceptible,20
172,Infectious,53
172,Recovered,26
173,Susceptible,21
173,Infectious,51
173,Recovered,26
174,Susceptible,21
174,Infectious,53
174,Recovered,25
175,Susceptible,18
175,Infectious,55
175,Recovered,25
176,Susceptible,19
176,Infectious,53
176,Recovered,26
177,Susceptible,19
177,Infectious,53
177,Recovered,26
178,Susceptible,21
178,Infectious,53
178,Recovered,25
179,Susceptible,19
179,Infectious,55
179,Recovered,25
180,Susceptible,18
180,Infectious,55
180,Recovered,25
181,Susceptible,18
181,Infectious,55
181,Recovered,26
182,Susceptible,18
182,Infectious,55
182,Recovered,25
183,Susceptible,19
183,Infectious,54
183,Recovered,26
184,Susceptible,20
184,Infectious,52
184,Recovered,27
185,Susceptible,23
185,Infectious,51
185,Recovered,25
186,Susceptible,21
186,Infectious,53
186,Recovered,24
187,Susceptible,22
187,Infectious,53
187,Recovered,24
188,Susceptible,19
188,Infectious,54
188,Recovered,25
189,Susceptible,18
189,Infectious,57
189,Recovered,24
190,Susceptible,17
190,Infectious,58
190,Recovered,23
191,Susceptible,16
191,Infectious,57
191,Recovered,25
192,Susceptible,16
192,Infectious,56
192,Recovered,26
193,Susceptible,18
193,Infectious,54
193,Recovered,26
194,Susceptible,18
194,Infectious,56
194,Recovered,24
195,Susceptible,18
195,Infectious,56
195,Recovered,25
196,Susceptible,18
196,Infectious,55
196,Recovered,25
197,Susceptible,19
197,Infectious,56
197,Recovered,24
198,Susceptible,18
198,Infectious,56
198,Recovered,25
199,Susceptible,17
199,Infectious,57
199,Recovered,25
200,Susceptible,17
200,Infectious,55
200,Recovered,26
201,Susceptible,19
201,Infectious,54
201,Recovered,26
202,Susceptible,18
202,Infectious,55
202,Recovered,26
203,Susceptible,18
203,Infectious,55
203,Recovered,26
204,Susceptible,19
204,Infectious,55
204,Recovered,25
205,Susceptible,18
205,Infectious,54
205,Recovered,27
206,Susceptible,20
206,Infectious,53
206,Recovered,26
207,Susceptible,19
207,Infectious,53
207,Recovered,26
208,Susceptible,20
208,Infectious,53
208,Recovered,26
209,Susceptible,21
209,Infectious,51
209,Recovered,26
210,Susceptible,19
210,Infectious,55
210,Recovered,24
211,Susceptible,18
211,Infectious,55
211,Recovered,26
212,Susceptible,18
212,Infectious,55
212,Recovered,26
213,Susceptible,19
213,Infectious,53
213,Recovered,27
214,Susceptible,21
214,Infectious,52
214,Recovered,26
215,Susceptible,22
215,Infectious,49
215,Recovered,28
216,Susceptible,22
216,Infectious,51
216,Recovered,25
217,Susceptible,21
217,Infectious,53
217,Recovered,25
218,Susceptible,18
218,Infectious,55
218,Recovered,25
219,Susceptible,17
219,Infectious,57
219,Recovered,25
220,Susceptible,18
220,Infectious,56
220,Recovered,25
221,Susceptible,16
221,Infectious,57
221,Recovered,25
222,Susceptible,16
222,Infectious,56
222,Recovered,26
223,Susceptible,17
223,Infectious,55
223,Recovered,26
224,Susceptible,20
224,Infectious,54
224,Recovered,25
225,Susceptible,18
225,Infectious,55
225,Recovered,26
226,Susceptible,19
226,Infectious,53
226,Recovered,27
227,Susceptible,20
227,Infectious,54
227,Recovered,25
228,Susceptible,20
228,Infectious,54
228,Recovered,24
229,Susceptible,20
229,Infectious,54
229,Recovered,25
230,Susceptible,20
230,Infectious,52
230,Recovered,26
231,Susceptible,21
231,Infectious,52
231,Recovered,26
232,Susceptible,21
232,Infectious,52
232,Recovered,26
233,Susceptible,22
233,Infectious,52
233,Recovered,24
234,Susceptible,21
234,Infectious,53
234,Recovered,24
235,Susceptible,19
235,Infectious,55
235,Recovered,25
236,Susceptible,19
236,Infectious,54
236,Recovered,25
237,Susceptible,19
237,Infectious,53
237,Recovered,26
238,Susceptible,18
238,Infectious,55
238,Recovered,25
239,Susceptible,19
239,Infectious,54
239,Recovered,26
240,Susceptible,20
240,Infectious,54
240,Recovered,24
241,Susceptible,20
241,Infectious,55
241,Recovered,23
242,Susceptible,19
242,Infectious,55
242,Recovered,25
243,Susceptible,19
243,Infectious,56
243,Recovered,24
244,Susceptible,18
244,Infectious,55
244,Recovered,26
245,Susceptible,19
245,Infectious,54
245,Recovered,26
246,Susceptible,21
246,Infectious,51
246,Recovered,27
247,Susceptible,21
247,Infectious,52
247,Recovered,26
248,Susceptible,20
248,Infectious,52
248,Recovered,26
249,Susceptible,20
249,Infectious,53
249,Recovered,26
250,Susceptible,21
250,Infectious,53
250,Recovered,24
251,Susceptible,20
251,Infectious,54
251,Recovered,25
252,Susceptible,19
252,Infectious,53
252,Recovered,26
253,Susceptible,20
253,Infectious,53
253,Recovered,26
254,Susceptible,20
254,Infectious,54
254,Recovered,25
255,Susceptible,22
255,Infectious,53
255,Recovered,24
256,Susceptible,20
256,Infectious,53
256,Recovered,26
257,Susceptible,19
257,Infectious,54
257,Recovered,26
258,Susceptible,18
258,Infectious,56
258,Recovered,24
259,Susceptible,17
259,Infectious,58
259,Recovered,24
260,Susceptible,16
260,Infectious,57
260,Recovered,25
261,Susceptible,17
261,Infectious,55
261,Recovered,27
262,Susceptible,19
262,Infectious,54
262,Recovered,26
263,Susceptible,19
263,Infectious,55
263,Recovered,24
264,Susceptible,19
264,Infectious,54
264,Recovered,25
265,Susceptible,19
265,Infectious,55
265,Recovered,25
266,Susceptible,19
266,Infectious,55
266,Recovered,24
267,Susceptible,17
267,Infectious,56
267,Recovered,25
268,Susceptible,19
268,Infectious,54
268,Recovered,26
269,Susceptible,19
269,Infectious,55
269,Recovered,25
270,Susceptible,19
270,Infectious,55
270,Recovered,25
271,Susceptible,17
271,Infectious,57
271,Recovered,25
272,Susceptible,18
272,Infectious,56
272,Recovered,24
273,Susceptible,19
273,Infectious,53
273,Recovered,27
274,Susceptible,18
274,Infectious,55
274,Recovered,25
275,Susceptible,19
275,Infectious,53
275,Recovered,27
276,Susceptible,20
276,Infectious,53
276,Recovered,26
277,Susceptible,20
277,Infectious,53
277,Recovered,26
278,Susceptible,20
278,Infectious,53
278,Recovered,25
279,Susceptible,21
279,Infectious,54
279,Recovered,23
280,Susceptible,20
280,Infectious,53
280,Recovered,25
281,Susceptible,20
281,Infectious,53
281,Recovered,26
282,Susceptible,21
282,Infectious,53
282,Recovered,25
283,Susceptible,19
283,Infectious,56
283,Recovered,24
284,Susceptible,19
284,Infectious,56
284,Recovered,24
285,Susceptible,16
285,Infectious,57
285,Recovered,26
286,Susceptible,16
286,Infectious,57
286,Recovered,25
287,Susceptible,18
287,Infectious,54
287,Recovered,27
288,Susceptible,20
288,Infectious,53
288,Recovered,25
289,Susceptible,18
289,Infectious,55
289,Recovered,26
290,Susceptible,20
290,Infectious,52
290,Recovered,27
291,Susceptible,20
291,Infectious,53
291,Recovered,26
292,Susceptible,19
292,Infectious,53
292,Recovered,27
293,Susceptible,20
293,Infectious,54
293,Recovered,24
294,Susceptible,17
294,Infectious,57
294,Recovered,24
295,Susceptible,18
295,Infectious,54
295,Recovered,27
296,Susceptible,19
296,Infectious,53
296,Recovered,26
297,Susceptible,20
297,Infectious,54
297,Recovered,25
298,Susceptible,20
298,Infectious,55
298,Recovered,23
299,Susceptible,19
299,Infectious,56
299,Recovered,24
300,Susceptible,19
300,Infectious,56
300,Recovered,24
301,Susceptible,16
301,Infectious,56
301,Recovered,26
302,Susceptible,17
302,Infectious,56
302,Recovered,26
303,Susceptible,17
303,Infectious,55
303,Recovered,26
304,Susceptible,18
304,Infectious,53
304,Recovered,27
305,Susceptible,20
305,Infectious,53
305,Recovered,26
306,Susceptible,20
306,Infectious,53
306,Recovered,26
307,Susceptible,20
307,Infectious,54
307,Recovered,25
308,Susceptible,19
308,Infectious,54
308,Recovered,25
309,Susceptible,19
309,Infectious,53
309,Recovered,26
310,Susceptible,18
310,Infectious,55
310,Recovered,26
311,Susceptible,20
311,Infectious,53
311,Recovered,25
312,Susceptible,20
312,Infectious,54
312,Recovered,24
313,Susceptible,18
313,Infectious,57
313,Recovered,24
314,Susceptible,17
314,Infectious,56
314,Recovered,25
315,Susceptible,19
315,Infectious,54
315,Recovered,25
316,Susceptible,19
316,Infectious,52
316,Recovered,27
317,Susceptible,19
317,Infectious,54
317,Recovered,26
318,Susceptible,18
318,Infectious,56
318,Recovered,25
319,Susceptible,18
319,Infectious,55
319,Recovered,26
320,Susceptible,19
320,Infectious,55
320,Recovered,25
321,Susceptible,19
321,Infectious,55
321,Recovered,25
322,Susceptible,19
322,Infectious,55
322,Recovered,25
323,Susceptible,18
323,Infectious,56
323,Recovered,25
324,Susceptible,21
324,Infectious,53
324,Recovered,25
325,Susceptible,19
325,Infectious,54
325,Recovered,25
326,Susceptible,19
326,Infectious,55
326,Recovered,24
327,Susceptible,17
327,Infectious,56
327,Recovered,26
328,Susceptible,19
328,Infectious,52
328,Recovered,28
329,Susceptible,20
329,Infectious,53
329,Recovered,26
330,Susceptible,18
330,Infectious,56
330,Recovered,25
331,Susceptible,19
331,Infectious,54
331,Recovered,25
332,Susceptible,20
332,Infectious,54
332,Recovered,25
333,Susceptible,19
333,Infectious,56
333,Recovered,23
334,Susceptible,17
334,Infectious,56
334,Recovered,26
335,Susceptible,20
335,Infectious,54
335,Recovered,25
336,Susceptible,19
336,Infectious,57
336,Recovered,23
337,Susceptible,16
337,Infectious,57
337,Recovered,26
338,Susceptible,17
338,Infectious,56
338,Recovered,26
339,Susceptible,19
339,Infectious,54
339,Recovered,26
340,Susceptible,18
340,Infectious,55
340,Recovered,25
341,Susceptible,18
341,Infectious,54
341,Recovered,26
342,Susceptible,18
342,Infectious,56
342,Recovered,25
343,Susceptible,17
343,Infectious,56
343,Recovered,26
344,Susceptible,18
344,Infectious,56
344,Recovered,25
345,Susceptible,17
345,Infectious,57
345,Recovered,25
346,Susceptible,18
346,Infectious,55
346,Recovered,25
347,Susceptible,17
347,Infectious,55
347,Recovered,26
348,Susceptible,18
348,Infectious,53
348,Recovered,27
349,Susceptible,20
349,Infectious,53
349,Recovered,26
350,Susceptible,20
350,Infectious,53
350,Recovered,25
351,Susceptible,20
351,Infectious,53
351,Recovered,25
352,Susceptible,19
352,Infectious,54
352,Recovered,26
353,Susceptible,19
353,Infectious,55
353,Recovered,25
354,Susceptible,17
354,Infectious,54
354,Recovered,27
355,Susceptible,19
355,Infectious,54
355,Recovered,26
356,Susceptible,20
356,Infectious,54
356,Recovered,25
357,Susceptible,19
357,Infectious,55
357,Recovered,24
358,Susceptible,19
358,Infectious,54
358,Recovered,26
359,Susceptible,19
359,Infectious,53
359,Recovered,26
360,Susceptible,20
360,Infectious,54
360,Recovered,25
361,Susceptible,19
361,Infectious,54
361,Recovered,25
362,Susceptible,21
362,Infectious,52
362,Recovered,25
363,Susceptible,20
363,Infectious,54
363,Recovered,24
364,Susceptible,20
364,Infectious,54
364,Recovered,25
365,Susceptible,18
365,Infectious,56
365,Recovered,24
366,Susceptible,18
366,Infectious,54
366,Recovered,27
367,Susceptible,19
367,Infectious,54
367,Recovered,26
368,Susceptible,19
368,Infectious,54
368,Recovered,25
369,Susceptible,18
369,Infectious,55
369,Recovered,25
370,Susceptible,19
370,Infectious,54
370,Recovered,26
371,Susceptible,18
371,Infectious,55
371,Recovered,25
372,Susceptible,19
372,Infectious,55
372,Recovered,25
373,Susceptible,18
373,Infectious,55
373,Recovered,26
374,Susceptible,20
374,Infectious,53
374,Recovered,26
375,Susceptible,20
375,Infectious,53
375,Recovered,26
376,Susceptible,20
376,Infectious,54
376,Recovered,25
377,Susceptible,19
377,Infectious,54
377,Recovered,25
378,Susceptible,19
378,Infectious,55
378,Recovered,25
379,Susceptible,19
379,Infectious,55
379,Recovered,25
380,Susceptible,20
380,Infectious,52
380,Recovered,27
381,Susceptible,21
381,Infectious,52
381,Recovered,25
382,Susceptible,20
382,Infectious,54
382,Recovered,24
383,Susceptible,20
383,Infectious,55
383,Recovered,24
384,Susceptible,18
384,Infectious,56
384,Recovered,24
385,Susceptible,18
385,Infectious,57
385,Recovered,24
386,Susceptible,18
386,Infectious,54
386,Recovered,27
387,Susceptible,20
387,Infectious,52
387,Recovered,27
388,Susceptible,22
388,Infectious,51
388,Recovered,25
389,Susceptible,22
389,Infectious,52
389,Recovered,25
390,Susceptible,21
390,Infectious,53
390,Recovered,24
391,Susceptible,19
391,Infectious,56
391,Recovered,23
392,Susceptible,16
392,Infectious,57
392,Recovered,25
393,Susceptible,18
393,Infectious,57
393,Recovered,24
394,Susceptible,17
394,Infectious,56
394,Recovered,26
395,Susceptible,19
395,Infectious,54
395,Recovered,26
396,Susceptible,18
396,Infectious,56
396,Recovered,24
397,Susceptible,19
397,Infectious,54
397,Recovered,26
398,Susceptible,18
398,Infectious,55
398,Recovered,26
399,Susceptible,18
399,Infectious,55
399,Recovered,26
400,Susceptible,19
400,Infectious,54
400,Recovered,25
401,Susceptible,18
401,Infectious,57
401,Recovered,24
402,Susceptible,16
402,Infectious,57
402,Recovered,25
403,Susceptible,19
403,Infectious,54
403,Recovered,25
404,Susceptible,19
404,Infectious,54
404,Recovered,26
405,Susceptible,20
405,Infectious,53
405,Recovered,26
406,Susceptible,20
406,Infectious,54
406,Recovered,24
407,Susceptible,19
407,Infectious,55
407,Recovered,25
408,Susceptible,19
408,Infectious,55
408,Recovered,24
409,Susceptible,17
409,Infectious,55
409,Recovered,26
410,Susceptible,17
410,Infectious,54
410,Recovered,27
411,Susceptible,19
411,Infectious,54
411,Recovered,25
412,Susceptible,19
412,Infectious,55
412,Recovered,24
413,Susceptible,18
413,Infectious,55
413,Recovered,26
414,Susceptible,19
414,Infectious,55
414,Recovered,25
415,Susceptible,19
415,Infectious,56
415,Recovered,24
416,Susceptible,18
416,Infectious,55
416,Recovered,25
417,Susceptible,18
417,Infectious,58
417,Recovered,23
418,Susceptible,16
418,Infectious,58
418,Recovered,25
419,Susceptible,18
419,Infectious,53
419,Recovered,28
420,Susceptible,19
420,Infectious,54
420,Recovered,25
421,Susceptible,19
421,Infectious,55
421,Recovered,25
422,Susceptible,19
422,Infectious,55
422,Recovered,24
423,Susceptible,19
423,Infectious,55
423,Recovered,25
424,Susceptible,19
424,Infectious,53
424,Recovered,26
425,Susceptible,19
425,Infectious,55
425,Recovered,24
426,Susceptible,18
426,Infectious,57
426,Recovered,24
427,Susceptible,16
427,Infectious,58
427,Recovered,24
428,Susceptible,17
428,Infectious,56
428,Recovered,25
429,Susceptible,17
429,Infectious,55
429,Recovered,26
430,Susceptible,18
430,Infectious,54
430,Recovered,26
431,Susceptible,19
431,Infectious,53
431,Recovered,27
432,Susceptible,19
432,Infectious,55
432,Recovered,25
433,Susceptible,19
433,Infectious,54
433,Recovered,26
434,Susceptible,19
434,Infectious,53
434,Recovered,27
435,Susceptible,20
435,Infectious,53
435,Recovered,26
436,Susceptible,21
436,Infectious,52
436,Recovered,26
437,Susceptible,19
437,Infectious,55
437,Recovered,24
438,Susceptible,17
438,Infectious,57
438,Recovered,24
439,Susceptible,17
439,Infectious,54
439,Recovered,28
440,Susceptible,19
440,Infectious,53
440,Recovered,26
441,Susceptible,21
441,Infectious,52
441,Recovered,26
442,Susceptible,21
442,Infectious,53
442,Recovered,25
443,Susceptible,20
443,Infectious,54
443,Recovered,25
444,Susceptible,19
444,Infectious,55
444,Recovered,24
445,Susceptible,19
445,Infectious,54
445,Recovered,26
446,Susceptible,18
446,Infectious,55
446,Recovered,25
447,Susceptible,18
447,Infectious,55
447,Recovered,26
448,Susceptible,18
448,Infectious,55
448,Recovered,25
449,Susceptible,18
449,Infectious,57
449,Recovered,24
450,Susceptible,17
450,Infectious,55
450,Recovered,26
451,Susceptible,16
451,Infectious,57
451,Recovered,25
452,Susceptible,17
452,Infectious,54
452,Recovered,28
453,Susceptible,19
453,Infectious,54
453,Recovered,26
454,Susceptible,21
454,Infectious,54
454,Recovered,24
455,Susceptible,19
455,Infectious,54
455,Recovered,25
456,Susceptible,20
456,Infectious,55
456,Recovered,24
457,Susceptible,19
457,Infectious,56
457,Recovered,24
458,Susceptible,17
458,Infectious,56
458,Recovered,26
459,Susceptible,20
459,Infectious,51
459,Recovered,27
460,Susceptible,20
460,Infectious,55
460,Recovered,23
461,Susceptible,17
461,Infectious,56
461,Recovered,26
462,Susceptible,21
462,Infectious,52
462,Recovered,26
463,Susceptible,20
463,Infectious,54
463,Recovered,25
464,Susceptible,19
464,Infectious,55
464,Recovered,25
465,Susceptible,18
465,Infectious,54
465,Recovered,27
466,Susceptible,17
466,Infectious,54
466,Recovered,27
467,Susceptible,18
467,Infectious,54
467,Recovered,27
468,Susceptible,20
468,Infectious,53
468,Recovered,25
469,Susceptible,20
469,Infectious,52
469,Recovered,27
470,Susceptible,20
470,Infectious,54
470,Recovered,25
471,Susceptible,22
471,Infectious,54
471,Recovered,23
472,Susceptible,19
472,Infectious,55
472,Recovered,25
473,Susceptible,18
473,Infectious,55
473,Recovered,25
474,Susceptible,19
474,Infectious,55
474,Recovered,25
475,Susceptible,19
475,Infectious,54
475,Recovered,25
476,Susceptible,19
476,Infectious,53
476,Recovered,27
477,Susceptible,16
477,Infectious,56
477,Recovered,26
478,Susceptible,17
478,Infectious,55
478,Recovered,26
479,Susceptible,18
479,Infectious,56
479,Recovered,25
480,Susceptible,19
480,Infectious,55
480,Recovered,24
481,Susceptible,17
481,Infectious,58
481,Recovered,24
482,Susceptible,16
482,Infectious,58
482,Recovered,24
483,Susceptible,15
483,Infectious,58
483,Recovered,25
484,Susceptible,18
484,Infectious,53
484,Recovered,28
485,Susceptible,18
485,Infectious,54
485,Recovered,26
486,Susceptible,19
486,Infectious,54
486,Recovered,25
487,Susceptible,20
487,Infectious,54
487,Recovered,25
488,Susceptible,19
488,Infectious,56
488,Recovered,24
489,Susceptible,19
489,Infectious,55
489,Recovered,25
490,Susceptible,20
490,Infectious,52
490,Recovered,26
491,Susceptible,18
491,Infectious,54
491,Recovered,27
492,Susceptible,20
492,Infectious,53
492,Recovered,25
493,Susceptible,21
493,Infectious,52
493,Recovered,26
494,Susceptible,21
494,Infectious,54
494,Recovered,24
495,Susceptible,20
495,Infectious,53
495,Recovered,25
496,Susceptible,21
496,Infectious,52
496,Recovered,25
497,Susceptible,22
497,Infectious,50
497,Recovered,26
498,Susceptible,21
498,Infectious,53
498,Recovered,25
499,Susceptible,19
499,Infectious,56
499,Recovered,24
500,Susceptible,19
500,Infectious,54
500,Recovered,26
501,Susceptible,19
501,Infectious,55
501,Recovered,25
502,Susceptible,20
502,Infectious,53
502,Recovered,25
503,Susceptible,20
503,Infectious,54
503,Recovered,25
504,Susceptible,19
504,Infectious,55
504,Recovered,25
505,Susceptible,20
505,Infectious,54
505,Recovered,24
506,Susceptible,20
506,Infectious,54
506,Recovered,25
507,Susceptible,19
507,Infectious,54
507,Recovered,25
508,Susceptible,19
508,Infectious,54
508,Recovered,26
509,Susceptible,20
509,Infectious,52
509,Recovered,26
510,Susceptible,20
510,Infectious,53
510,Recovered,25
511,Susceptible,20
511,Infectious,54
511,Recovered,25
512,Susceptible,20
512,Infectious,54
512,Recovered,25
513,Susceptible,17
513,Infectious,57
513,Recovered,24
514,Susceptible,18
514,Infectious,57
514,Recovered,24
515,Susceptible,17
515,Infectious,55
515,Recovered,27
516,Susceptible,19
516,Infectious,54
516,Recovered,26
517,Susceptible,21
517,Infectious,53
517,Recovered,25
518,Susceptible,20
518,Infectious,54
518,Recovered,25
519,Susceptible,21
519,Infectious,53
519,Recovered,25
520,Susceptible,19
520,Infectious,54
520,Recovered,26
521,Susceptible,19
521,Infectious,56
521,Recovered,24
522,Susceptible,19
522,Infectious,53
522,Recovered,27
523,Susceptible,19
523,Infectious,54
523,Recovered,26
524,Susceptible,20
524,Infectious,54
524,Recovered,24
525,Susceptible,19
525,Infectious,55
525,Recovered,24
526,Susceptible,20
526,Infectious,54
526,Recovered,25
527,Susceptible,21
527,Infectious,53
527,Recovered,25
528,Susceptible,21
528,Infectious,54
528,Recovered,24
529,Susceptible,19
529,Infectious,56
529,Recovered,24
530,Susceptible,19
530,Infectious,53
530,Recovered,26
531,Susceptible,20
531,Infectious,51
531,Recovered,27
532,Susceptible,23
532,Infectious,53
532,Recovered,23
533,Susceptible,20
533,Infectious,53
533,Recovered,26
534,Susceptible,20
534,Infectious,53
534,Recovered,26
535,Susceptible,21
535,Infectious,52
535,Recovered,25
536,Susceptible,21
536,Infectious,54
536,Recovered,23
537,Susceptible,18
537,Infectious,56
537,Recovered,24
538,Susceptible,17
538,Infectious,55
538,Recovered,26
539,Susceptible,19
539,Infectious,54
539,Recovered,25
540,Susceptible,19
540,Infectious,53
540,Recovered,26
541,Susceptible,20
541,Infectious,53
541,Recovered,26
542,Susceptible,20
542,Infectious,55
542,Recovered,24
543,Susceptible,19
543,Infectious,57
543,Recovered,23
544,Susceptible,17
544,Infectious,57
544,Recovered,25
545,Susceptible,17
545,Infectious,55
545,Recovered,26
546,Susceptible,18
546,Infectious,55
546,Recovered,25
547,Susceptible,19
547,Infectious,55
547,Recovered,25
548,Susceptible,18
548,Infectious,57
548,Recovered,24
549,Susceptible,17
549,Infectious,58
549,Recovered,24
550,Susceptible,17
550,Infectious,56
550,Recovered,26
551,Susceptible,19
551,Infectious,54
551,Recovered,26
552,Susceptible,19
552,Infectious,54
552,Recovered,25
553,Susceptible,18
553,Infectious,55
553,Recovered,25
554,Susceptible,19
554,Infectious,54
554,Recovered,26
555,Susceptible,19
555,Infectious,54
555,Recovered,26
556,Susceptible,19
556,Infectious,53
556,Recovered,27
557,Susceptible,20
557,Infectious,54
557,Recovered,25
558,Susceptible,20
558,Infectious,54
558,Recovered,25
559,Susceptible,19
559,Infectious,56
559,Recovered,24
560,Susceptible,17
560,Infectious,57
560,Recovered,25
561,Susceptible,17
561,Infectious,55
561,Recovered,26
562,Susceptible,19
562,Infectious,54
562,Recovered,26
563,Susceptible,19
563,Infectious,52
563,Recovered,27
564,Susceptible,20
564,Infectious,53
564,Recovered,26
565,Susceptible,19
565,Infectious,55
565,Recovered,24
566,Susceptible,18
566,Infectious,56
566,Recovered,24
567,Susceptible,17
567,Infectious,57
567,Recovered,25
568,Susceptible,17
568,Infectious,57
568,Recovered,25
569,Susceptible,19
569,Infectious,53
569,Recovered,26
570,Susceptible,19
570,Infectious,53
570,Recovered,26
571,Susceptible,20
571,Infectious,55
571,Recovered,24
572,Susceptible,17
572,Infectious,55
572,Recovered,26
573,Susceptible,18
573,Infectious,56
573,Recovered,25
574,Susceptible,16
574,Infectious,57
574,Recovered,26
575,Susceptible,19
575,Infectious,52
575,Recovered,28
576,Susceptible,21
576,Infectious,50
576,Recovered,27
577,Susceptible,23
577,Infectious,51
577,Recovered,24
578,Susceptible,19
578,Infectious,55
578,Recovered,24
579,Susceptible,19
579,Infectious,54
579,Recovered,25
580,Susceptible,17
580,Infectious,56
580,Recovered,26
581,Susceptible,17
581,Infectious,57
581,Recovered,25
582,Susceptible,18
582,Infectious,54
582,Recovered,26
583,Susceptible,20
583,Infectious,53
583,Recovered,26
584,Susceptible,20
584,Infectious,53
584,Recovered,25
585,Susceptible,19
585,Infectious,54
585,Recovered,25
586,Susceptible,19
586,Infectious,53
586,Recovered,27
587,Susceptible,19
587,Infectious,55
587,Recovered,25
588,Susceptible,18
588,Infectious,57
588,Recovered,24
589,Susceptible,18
589,Infectious,54
589,Recovered,27
590,Susceptible,19
590,Infectious,54
590,Recovered,26
591,Susceptible,21
591,Infectious,52
591,Recovered,26
592,Susceptible,23
592,Infectious,51
592,Recovered,25
593,Susceptible,20
593,Infectious,56
593,Recovered,22
594,Susceptible,18
594,Infectious,55
594,Recovered,25
595,Susceptible,20
595,Infectious,54
595,Recovered,25
596,Susceptible,20
596,Infectious,54
596,Recovered,25
597,Susceptible,19
597,Infectious,55
597,Recovered,25
598,Susceptible,20
598,Infectious,53
598,Recovered,25
599,Susceptible,19
599,Infectious,53
599,Recovered,26
600,Susceptible,21
600,Infectious,52
600,Recovered,26
601,Susceptible,21
601,Infectious,50
601,Recovered,27
602,Susceptible,22
602,Infectious,52
602,Recovered,25
603,Susceptible,19
603,Infectious,55
603,Recovered,25
604,Susceptible,19
604,Infectious,55
604,Recovered,25
605,Susceptible,18
605,Infectious,54
605,Recovered,26
606,Susceptible,20
606,Infectious,54
606,Recovered,24
607,Susceptible,19
607,Infectious,56
607,Recovered,24
608,Susceptible,19
608,Infectious,54
608,Recovered,25
609,Susceptible,19
609,Infectious,54
609,Recovered,25
610,Susceptible,19
610,Infectious,55
610,Recovered,25
611,Susceptible,18
611,Infectious,56
611,Recovered,25
612,Susceptible,20
612,Infectious,55
612,Recovered,24
613,Susceptible,18
613,Infectious,56
613,Recovered,24
614,Susceptible,17
614,Infectious,57
614,Recovered,24
615,Susceptible,18
615,Infectious,55
615,Recovered,25
616,Susceptible,17
616,Infectious,56
616,Recovered,25
617,Susceptible,19
617,Infectious,54
617,Recovered,26
618,Susceptible,18
618,Infectious,56
618,Recovered,25
619,Susceptible,17
619,Infectious,56
619,Recovered,26
620,Susceptible,18
620,Infectious,53
620,Recovered,27
621,Susceptible,21
621,Infectious,51
621,Recovered,27
622,Susceptible,21
622,Infectious,53
622,Recovered,24
623,Susceptible,19
623,Infectious,54
623,Recovered,25
624,Susceptible,20
624,Infectious,55
624,Recovered,24
625,Susceptible,18
625,Infectious,57
625,Recovered,24
626,Susceptible,17
626,Infectious,55
626,Recovered,27
627,Susceptible,17
627,Infectious,55
627,Recovered,27
628,Susceptible,19
628,Infectious,55
628,Recovered,24
629,Susceptible,19
629,Infectious,54
629,Recovered,26
630,Susceptible,20
630,Infectious,53
630,Recovered,26
631,Susceptible,19
631,Infectious,53
631,Recovered,26
632,Susceptible,20
632,Infectious,53
632,Recovered,26
633,Susceptible,20
633,Infectious,52
633,Recovered,26
634,Susceptible,22
634,Infectious,51
634,Recovered,26
635,Susceptible,21
635,Infectious,55
635,Recovered,23
636,Susceptible,20
636,Infectious,54
636,Recovered,24
637,Susceptible,20
637,Infectious,54
637,Recovered,25
638,Susceptible,19
638,Infectious,54
638,Recovered,26
639,Susceptible,19
639,Infectious,55
639,Recovered,25
640,Susceptible,18
640,Infectious,55
640,Recovered,26
641,Susceptible,19
641,Infectious,55
641,Recovered,25
642,Susceptible,19
642,Infectious,54
642,Recovered,26
643,Susceptible,20
643,Infectious,53
643,Recovered,26
644,Susceptible,19
644,Infectious,54
644,Recovered,25
645,Susceptible,17
645,Infectious,56
645,Recovered,25
646,Susceptible,16
646,Infectious,57
646,Recovered,25
647,Susceptible,19
647,Infectious,54
647,Recovered,25
648,Susceptible,20
648,Infectious,54
648,Recovered,25
649,Susceptible,19
649,Infectious,53
649,Recovered,26
650,Susceptible,19
650,Infectious,54
650,Recovered,26
651,Susceptible,20
651,Infectious,54
651,Recovered,25
652,Susceptible,18
652,Infectious,55
652,Recovered,26
653,Susceptible,19
653,Infectious,54
653,Recovered,26
654,Susceptible,20
654,Infectious,53
654,Recovered,25
655,Susceptible,20
655,Infectious,54
655,Recovered,25
656,Susceptible,18
656,Infectious,56
656,Recovered,24
657,Susceptible,18
657,Infectious,55
657,Recovered,26
658,Susceptible,18
658,Infectious,58
658,Recovered,23
659,Susceptible,16
659,Infectious,57
659,Recovered,25
660,Susceptible,15
660,Infectious,57
660,Recovered,26
661,Susceptible,19
661,Infectious,54
661,Recovered,26
662,Susceptible,20
662,Infectious,52
662,Recovered,26
663,Susceptible,20
663,Infectious,54
663,Recovered,25
664,Susceptible,22
664,Infectious,53
664,Recovered,24
665,Susceptible,18
665,Infectious,56
665,Recovered,25
666,Susceptible,17
666,Infectious,56
666,Recovered,25
667,Susceptible,18
667,Infectious,56
667,Recovered,24
668,Susceptible,19
668,Infectious,53
668,Recovered,28
669,Susceptible,20
669,Infectious,52
669,Recovered,27
670,Susceptible,19
670,Infectious,56
670,Recovered,24
671,Susceptible,18
671,Infectious,53
671,Recovered,27
672,Susceptible,19
672,Infectious,54
672,Recovered,25
673,Susceptible,19
673,Infectious,55
673,Recovered,25
674,Susceptible,19
674,Infectious,54
674,Recovered,26
675,Susceptible,20
675,Infectious,53
675,Recovered,26
676,Susceptible,20
676,Infectious,52
676,Recovered,26
677,Susceptible,21
677,Infectious,51
677,Recovered,27
678,Susceptible,22
678,Infectious,53
678,Recovered,24
679,Susceptible,20
679,Infectious,54
679,Recovered,25
680,Susceptible,19
680,Infectious,56
680,Recovered,24
681,Susceptible,19
681,Infectious,54
681,Recovered,26
682,Susceptible,18
682,Infectious,57
682,Recovered,24
683,Susceptible,19
683,Infectious,54
683,Recovered,25
684,Susceptible,18
684,Infectious,56
684,Recovered,24
685,Susceptible,18
685,Infectious,54
685,Recovered,26
686,Susceptible,20
686,Infectious,53
686,Recovered,26
687,Susceptible,20
687,Infectious,53
687,Recovered,25
688,Susceptible,19
688,Infectious,56
688,Recovered,24
689,Susceptible,17
689,Infectious,56
689,Recovered,25
690,Susceptible,18
690,Infectious,56
690,Recovered,25
691,Susceptible,20
691,Infectious,51
691,Recovered,27
692,Susceptible,20
692,Infectious,52
692,Recovered,26
693,Susceptible,21
693,Infectious,53
693,Recovered,25
694,Susceptible,20
694,Infectious,55
694,Recovered,23
695,Susceptible,17
695,Infectious,55
695,Recovered,27
696,Susceptible,19
696,Infectious,55
696,Recovered,26
697,Susceptible,19
697,Infectious,53
697,Recovered,26
698,Susceptible,20
698,Infectious,54
698,Recovered,24
699,Susceptible,18
699,Infectious,55
699,Recovered,25
700,Susceptible,19
700,Infectious,54
700,Recovered,26
701,Susceptible,17
701,Infectious,56
701,Recovered,25
702,Susceptible,18
702,Infectious,54
702,Recovered,26
703,Susceptible,19
703,Infectious,54
703,Recovered,26
704,Susceptible,20
704,Infectious,52
704,Recovered,26
705,Susceptible,19
705,Infectious,54
705,Recovered,25
706,Susceptible,18
706,Infectious,55
706,Recovered,26
707,Susceptible,18
707,Infectious,53
707,Recovered,27
708,Susceptible,20
708,Infectious,53
708,Recovered,26
709,Susceptible,20
709,Infectious,53
709,Recovered,26
710,Susceptible,21
710,Infectious,53
710,Recovered,25
711,Susceptible,20
711,Infectious,54
711,Recovered,24
712,Susceptible,19
712,Infectious,54
712,Recovered,25
713,Susceptible,20
713,Infectious,53
713,Recovered,25
714,Susceptible,20
714,Infectious,53
714,Recovered,26
715,Susceptible,20
715,Infectious,54
715,Recovered,24
716,Susceptible,18
716,Infectious,54
716,Recovered,26
717,Susceptible,20
717,Infectious,54
717,Recovered,25
718,Susceptible,20
718,Infectious,53
718,Recovered,26
719,Susceptible,20
719,Infectious,53
719,Recovered,25
720,Susceptible,20
720,Infectious,54
720,Recovered,25
721,Susceptible,18
721,Infectious,56
721,Recovered,25
722,Susceptible,19
722,Infectious,54
722,Recovered,26
723,Susceptible,20
723,Infectious,55
723,Recovered,24
724,Susceptible,19
724,Infectious,55
724,Recovered,25
725,Susceptible,20
725,Infectious,52
725,Recovered,27
726,Susceptible,19
726,Infectious,55
726,Recovered,24
727,Susceptible,17
727,Infectious,57
727,Recovered,25
728,Susceptible,17
728,Infectious,57
728,Recovered,25
729,Susceptible,17
729,Infectious,54
729,Recovered,27
730,Susceptible,19
730,Infectious,54
730,Recovered,26
731,Susceptible,19
731,Infectious,54
731,Recovered,25
732,Susceptible,20
732,Infectious,52
732,Recovered,26
733,Susceptible,21
733,Infectious,52
733,Recovered,26
734,Susceptible,20
734,Infectious,52
734,Recovered,27
735,Susceptible,20
735,Infectious,53
735,Recovered,26
736,Susceptible,21
736,Infectious,50
736,Recovered,28
737,Susceptible,22
737,Infectious,52
737,Recovered,25
738,Susceptible,22
738,Infectious,53
738,Recovered,24
739,Susceptible,19
739,Infectious,55
739,Recovered,25
740,Susceptible,19
740,Infectious,54
740,Recovered,25
741,Susceptible,20
741,Infectious,55
741,Recovered,24
742,Susceptible,19
742,Infectious,57
742,Recovered,23
743,Susceptible,16
743,Infectious,57
743,Recovered,26
744,Susceptible,17
744,Infectious,56
744,Recovered,26
745,Susceptible,18
745,Infectious,56
745,Recovered,24
746,Susceptible,17
746,Infectious,57
746,Recovered,25
747,Susceptible,18
747,Infectious,56
747,Recovered,25
748,Susceptible,17
748,Infectious,56
748,Recovered,26
749,Susceptible,18
749,Infectious,55
749,Recovered,26
750,Susceptible,21
750,Infectious,53
750,Recovered,25
751,Susceptible,20
751,Infectious,55
751,Recovered,24
752,Susceptible,20
752,Infectious,54
752,Recovered,25
753,Susceptible,19
753,Infectious,54
753,Recovered,25
754,Susceptible,19
754,Infectious,55
754,Recovered,24
755,Susceptible,18
755,Infectious,56
755,Recovered,25
756,Susceptible,19
756,Infectious,55
756,Recovered,25
757,Susceptible,17
757,Infectious,56
757,Recovered,26
758,Susceptible,18
758,Infectious,55
758,Recovered,26
759,Susceptible,19
759,Infectious,53
759,Recovered,27
760,Susceptible,20
760,Infectious,52
760,Recovered,26
761,Susceptible,21
761,Infectious,54
761,Recovered,24
762,Susceptible,19
762,Infectious,57
762,Recovered,23
763,Susceptible,16
763,Infectious,59
763,Recovered,24
764,Susceptible,16
764,Infectious,57
764,Recovered,25
765,Susceptible,19
765,Infectious,55
765,Recovered,25
766,Susceptible,19
766,Infectious,54
766,Recovered,26
767,Susceptible,20
767,Infectious,53
767,Recovered,26
768,Susceptible,20
768,Infectious,54
768,Recovered,25
769,Susceptible,19
769,Infectious,56
769,Recovered,24
770,Susceptible,18
770,Infectious,55
770,Recovered,25
771,Susceptible,17
771,Infectious,55
771,Recovered,26
772,Susceptible,19
772,Infectious,53
772,Recovered,27
773,Susceptible,19
773,Infectious,54
773,Recovered,26
774,Susceptible,20
774,Infectious,53
774,Recovered,25
775,Susceptible,18
775,Infectious,55
775,Recovered,25
776,Susceptible,19
776,Infectious,56
776,Recovered,24
777,Susceptible,20
777,Infectious,52
777,Recovered,27
778,Susceptible,20
778,Infectious,51
778,Recovered,27
779,Susceptible,20
779,Infectious,53
779,Recovered,26
780,Susceptible,21
780,Infectious,51
780,Recovered,26
781,Susceptible,20
781,Infectious,55
781,Recovered,23
782,Susceptible,19
782,Infectious,54
782,Recovered,25
783,Susceptible,20
783,Infectious,55
783,Recovered,24
784,Susceptible,19
784,Infectious,55
784,Recovered,25
785,Susceptible,17
785,Infectious,55
785,Recovered,27
786,Susceptible,18
786,Infectious,54
786,Recovered,26
787,Susceptible,18
787,Infectious,56
787,Recovered,25
788,Susceptible,18
788,Infectious,55
788,Recovered,26
789,Susceptible,19
789,Infectious,53
789,Recovered,27
790,Susceptible,20
790,Infectious,54
790,Recovered,25
791,Susceptible,19
791,Infectious,53
791,Recovered,26
792,Susceptible,19
792,Infectious,55
792,Recovered,25
793,Susceptible,19
793,Infectious,54
793,Recovered,25
794,Susceptible,19
794,Infectious,55
794,Recovered,24
795,Susceptible,19
795,Infectious,54
795,Recovered,25
796,Susceptible,20
796,Infectious,55
796,Recovered,24
797,Susceptible,20
797,Infectious,53
797,Recovered,26
798,Susceptible,18
798,Infectious,56
798,Recovered,24
799,Susceptible,17
799,Infectious,56
799,Recovered,25
800,Susceptible,17
800,Infectious,55
800,Recovered,26
801,Susceptible,19
801,Infectious,54
801,Recovered,26
802,Susceptible,19
802,Infectious,52
802,Recovered,27
803,Susceptible,23
803,Infectious,52
803,Recovered,24
804,Susceptible,21
804,Infectious,54
804,Recovered,24
805,Susceptible,19
805,Infectious,55
805,Recovered,24
806,Susceptible,18
806,Infectious,55
806,Recovered,25
807,Susceptible,19
807,Infectious,54
807,Recovered,25
808,Susceptible,19
808,Infectious,54
808,Recovered,25
809,Susceptible,19
809,Infectious,54
809,Recovered,26
810,Susceptible,19
810,Infectious,55
810,Recovered,25
811,Susceptible,20
811,Infectious,54
811,Recovered,24
812,Susceptible,20
812,Infectious,53
812,Recovered,26
813,Susceptible,19
813,Infectious,54
813,Recovered,25
814,Susceptible,19
814,Infectious,55
814,Recovered,25
815,Susceptible,20
815,Infectious,52
815,Recovered,27
816,Susceptible,21
816,Infectious,52
816,Recovered,26
817,Susceptible,22
817,Infectious,52
817,Recovered,25
818,Susceptible,22
818,Infectious,52
818,Recovered,25
819,Susceptible,21
819,Infectious,53
819,Recovered,24
820,Susceptible,19
820,Infectious,56
820,Recovered,23
821,Susceptible,17
821,Infectious,59
821,Recovered,22
822,Susceptible,15
822,Infectious,59
822,Recovered,24
823,Susceptible,16
823,Infectious,55
823,Recovered,28
824,Susceptible,18
824,Infectious,56
824,Recovered,25
825,Susceptible,19
825,Infectious,53
825,Recovered,27
826,Susceptible,19
826,Infectious,53
826,Recovered,27
827,Susceptible,19
827,Infectious,53
827,Recovered,27
828,Susceptible,19
828,Infectious,54
828,Recovered,25
829,Susceptible,18
829,Infectious,56
829,Recovered,24
830,Susceptible,18
830,Infectious,56
830,Recovered,25
831,Susceptible,18
831,Infectious,56
831,Recovered,25
832,Susceptible,20
832,Infectious,55
832,Recovered,24
833,Susceptible,18
833,Infectious,56
833,Recovered,24
834,Susceptible,18
834,Infectious,55
834,Recovered,26
835,Susceptible,19
835,Infectious,55
835,Recovered,25
836,Susceptible,17
836,Infectious,54
836,Recovered,27
837,Susceptible,20
837,Infectious,52
837,Recovered,27
838,Susceptible,19
838,Infectious,54
838,Recovered,26
839,Susceptible,19
839,Infectious,54
839,Recovered,26
840,Susceptible,19
840,Infectious,55
840,Recovered,25
841,Susceptible,18
841,Infectious,55
841,Recovered,26
842,Susceptible,18
842,Infectious,56
842,Recovered,25
843,Susceptible,18
843,Infectious,55
843,Recovered,26
844,Susceptible,20
844,Infectious,54
844,Recovered,25
845,Susceptible,17
845,Infectious,53
845,Recovered,28
846,Susceptible,20
846,Infectious,53
846,Recovered,25
847,Susceptible,19
847,Infectious,55
847,Recovered,25
848,Susceptible,20
848,Infectious,54
848,Recovered,25
849,Susceptible,19
849,Infectious,54
849,Recovered,25
850,Susceptible,19
850,Infectious,54
850,Recovered,26
851,Susceptible,19
851,Infectious,54
851,Recovered,26
852,Susceptible,18
852,Infectious,56
852,Recovered,24
853,Susceptible,20
853,Infectious,54
853,Recovered,25
854,Susceptible,21
854,Infectious,54
854,Recovered,24
855,Susceptible,20
855,Infectious,53
855,Recovered,26
856,Susceptible,20
856,Infectious,53
856,Recovered,26
857,Susceptible,21
857,Infectious,52
857,Recovered,25
858,Susceptible,21
858,Infectious,53
858,Recovered,25
859,Susceptible,20
859,Infectious,55
859,Recovered,24
860,Susceptible,20
860,Infectious,54
860,Recovered,24
861,Susceptible,20
861,Infectious,54
861,Recovered,25
862,Susceptible,18
862,Infectious,57
862,Recovered,23
863,Susceptible,19
863,Infectious,56
863,Recovered,25
864,Susceptible,17
864,Infectious,56
864,Recovered,26
865,Susceptible,19
865,Infectious,54
865,Recovered,26
866,Susceptible,18
866,Infectious,54
866,Recovered,27
867,Susceptible,20
867,Infectious,54
867,Recovered,25
868,Susceptible,20
868,Infectious,53
868,Recovered,25
869,Susceptible,21
869,Infectious,51
869,Recovered,26
870,Susceptible,21
870,Infectious,53
870,Recovered,25
871,Susceptible,20
871,Infectious,52
871,Recovered,26
872,Susceptible,20
872,Infectious,54
872,Recovered,24
873,Susceptible,19
873,Infectious,53
873,Recovered,26
874,Susceptible,19
874,Infectious,54
874,Recovered,26
875,Susceptible,20
875,Infectious,53
875,Recovered,25
876,Susceptible,22
876,Infectious,54
876,Recovered,23
877,Susceptible,18
877,Infectious,56
877,Recovered,25
878,Susceptible,18
878,Infectious,56
878,Recovered,25
879,Susceptible,18
879,Infectious,55
879,Recovered,25
880,Susceptible,17
880,Infectious,55
880,Recovered,27
881,Susceptible,20
881,Infectious,53
881,Recovered,26
882,Susceptible,19
882,Infectious,54
882,Recovered,25
883,Susceptible,20
883,Infectious,54
883,Recovered,25
884,Susceptible,18
884,Infectious,56
884,Recovered,25
885,Susceptible,19
885,Infectious,55
885,Recovered,24
886,Susceptible,18
886,Infectious,55
886,Recovered,26
887,Susceptible,19
887,Infectious,56
887,Recovered,24
888,Susceptible,18
888,Infectious,57
888,Recovered,24
889,Susceptible,18
889,Infectious,54
889,Recovered,27
890,Susceptible,20
890,Infectious,55
890,Recovered,24
891,Susceptible,19
891,Infectious,56
891,Recovered,23
892,Susceptible,19
892,Infectious,53
892,Recovered,26
893,Susceptible,20
893,Infectious,54
893,Recovered,25
894,Susceptible,19
894,Infectious,54
894,Recovered,26
895,Susceptible,18
895,Infectious,55
895,Recovered,26
896,Susceptible,19
896,Infectious,53
896,Recovered,27
897,Susceptible,19
897,Infectious,53
897,Recovered,26
898,Susceptible,21
898,Infectious,53
898,Recovered,25
899,Susceptible,20
899,Infectious,53
899,Recovered,25
900,Susceptible,20
900,Infectious,54
900,Recovered,25
901,Susceptible,18
901,Infectious,55
901,Recovered,25
902,Susceptible,18
902,Infectious,55
902,Recovered,25
903,Susceptible,20
903,Infectious,53
903,Recovered,26
904,Susceptible,19
904,Infectious,55
904,Recovered,24
905,Susceptible,18
905,Infectious,57
905,Recovered,24
906,Susceptible,17
906,Infectious,56
906,Recovered,25
907,Susceptible,19
907,Infectious,54
907,Recovered,26
908,Susceptible,19
908,Infectious,54
908,Recovered,25
909,Susceptible,19
909,Infectious,55
909,Recovered,25
910,Susceptible,19
910,Infectious,54
910,Recovered,25
911,Susceptible,18
911,Infectious,55
911,Recovered,25
912,Susceptible,19
912,Infectious,53
912,Recovered,26
913,Susceptible,20
913,Infectious,54
913,Recovered,24
914,Susceptible,20
914,Infectious,55
914,Recovered,23
915,Susceptible,19
915,Infectious,53
915,Recovered,26
916,Susceptible,19
916,Infectious,55
916,Recovered,25
917,Susceptible,19
917,Infectious,54
917,Recovered,25
918,Susceptible,20
918,Infectious,54
918,Recovered,25
919,Susceptible,18
919,Infectious,57
919,Recovered,23
920,Susceptible,18
920,Infectious,55
920,Recovered,26
921,Susceptible,17
921,Infectious,54
921,Recovered,27
922,Susceptible,20
922,Infectious,53
922,Recovered,26
923,Susceptible,20
923,Infectious,53
923,Recovered,25
924,Susceptible,20
924,Infectious,55
924,Recovered,24
925,Susceptible,18
925,Infectious,57
925,Recovered,23
926,Susceptible,15
926,Infectious,58
926,Recovered,25
927,Susceptible,16
927,Infectious,55
927,Recovered,27
928,Susceptible,18
928,Infectious,56
928,Recovered,25
929,Susceptible,19
929,Infectious,54
929,Recovered,26
930,Susceptible,21
930,Infectious,53
930,Recovered,25
931,Susceptible,20
931,Infectious,55
931,Recovered,24
932,Susceptible,19
932,Infectious,53
932,Recovered,26
933,Susceptible,18
933,Infectious,57
933,Recovered,24
934,Susceptible,18
934,Infectious,55
934,Recovered,26
935,Susceptible,20
935,Infectious,54
935,Recovered,25
936,Susceptible,20
936,Infectious,52
936,Recovered,27
937,Susceptible,20
937,Infectious,54
937,Recovered,25
938,Susceptible,18
938,Infectious,56
938,Recovered,24
939,Susceptible,18
939,Infectious,56
939,Recovered,25
940,Susceptible,18
940,Infectious,53
940,Recovered,28
941,Susceptible,20
941,Infectious,51
941,Recovered,27
942,Susceptible,21
942,Infectious,52
942,Recovered,25
943,Susceptible,21
943,Infectious,52
943,Recovered,25
944,Susceptible,19
944,Infectious,55
944,Recovered,25
945,Susceptible,18
945,Infectious,55
945,Recovered,26
946,Susceptible,19
946,Infectious,54
946,Recovered,25
947,Susceptible,18
947,Infectious,55
947,Recovered,26
948,Susceptible,19
948,Infectious,55
948,Recovered,25
949,Susceptible,20
949,Infectious,54
949,Recovered,24
950,Susceptible,19
950,Infectious,56
950,Recovered,24
951,Susceptible,18
951,Infectious,54
951,Recovered,27
952,Susceptible,18
952,Infectious,56
952,Recovered,24
953,Susceptible,17
953,Infectious,55
953,Recovered,27
954,Susceptible,19
954,Infectious,54
954,Recovered,26
955,Susceptible,19
955,Infectious,55
955,Recovered,25
956,Susceptible,18
956,Infectious,56
956,Recovered,25
957,Susceptible,18
957,Infectious,55
957,Recovered,25
958,Susceptible,19
958,Infectious,55
958,Recovered,25
959,Susceptible,21
959,Infectious,54
959,Recovered,24
960,Susceptible,18
960,Infectious,54
960,Recovered,26
961,Susceptible,21
961,Infectious,53
961,Recovered,25
962,Susceptible,18
962,Infectious,54
962,Recovered,26
963,Susceptible,19
963,Infectious,55
963,Recovered,24
964,Susceptible,20
964,Infectious,52
964,Recovered,27
965,Susceptible,21
965,Infectious,52
965,Recovered,26
966,Susceptible,21
966,Infectious,55
966,Recovered,23
967,Susceptible,18
967,Infectious,54
967,Recovered,26
968,Susceptible,19
968,Infectious,53
968,Recovered,26
969,Susceptible,20
969,Infectious,54
969,Recovered,25
970,Susceptible,20
970,Infectious,53
970,Recovered,26
971,Susceptible,21
971,Infectious,53
971,Recovered,25
972,Susceptible,19
972,Infectious,56
972,Recovered,24
973,Susceptible,19
973,Infectious,55
973,Recovered,25
974,Susceptible,21
974,Infectious,54
974,Recovered,24
975,Susceptible,18
975,Infectious,54
975,Recovered,27
976,Susceptible,19
976,Infectious,53
976,Recovered,26
977,Susceptible,19
977,Infectious,53
977,Recovered,26
978,Susceptible,20
978,Infectious,54
978,Recovered,25
979,Susceptible,20
979,Infectious,54
979,Recovered,24
980,Susceptible,18
980,Infectious,57
980,Recovered,24
981,Susceptible,17
981,Infectious,55
981,Recovered,26
982,Susceptible,21
982,Infectious,52
982,Recovered,26
983,Susceptible,21
983,Infectious,54
983,Recovered,23
984,Susceptible,19
984,Infectious,53
984,Recovered,27
985,Susceptible,19
985,Infectious,54
985,Recovered,25
986,Susceptible,19
986,Infectious,54
986,Recovered,25
987,Susceptible,20
987,Infectious,56
987,Recovered,23
988,Susceptible,19
988,Infectious,54
988,Recovered,25
989,Susceptible,19
989,Infectious,54
989,Recovered,26
990,Susceptible,20
990,Infectious,54
990,Recovered,25
991,Susceptible,18
991,Infectious,55
991,Recovered,25
992,Susceptible,18
992,Infectious,54
992,Recovered,27
993,Susceptible,17
993,Infectious,54
993,Recovered,27
994,Susceptible,20
994,Infectious,53
994,Recovered,25
995,Susceptible,20
995,Infectious,53
995,Recovered,26
996,Susceptible,20
996,Infectious,52
996,Recovered,26
997,Susceptible,20
997,Infectious,52
997,Recovered,27
998,Susceptible,23
998,Infectious,52
998,Recovered,24
999,Susceptible,20
999,Infectious,55
999,Recovered,23
Epoch,State,Count
Epoch,State,Count
0,Susceptible,50
0,Infectious,40
0,Recovered,10
1,Susceptible,28
1,Infectious,27
1,Recovered,45
2,Susceptible,34
2,Infectious,18
2,Recovered,48
3,Susceptible,33
3,Infectious,21
3,Recovered,46
4,Susceptible,34
4,Infectious,20
4,Recovered,46
5,Susceptible,41
5,Infectious,13
5,Recovered,46
6,Susceptible,39
6,Infectious,20
6,Recovered,41
7,Susceptible,36
7,Infectious,24
7,Recovered,40
8,Susceptible,35
8,Infectious,18
8,Recovered,47
9,Susceptible,44
9,Infectious,13
9,Recovered,43
10,Susceptible,39
10,Infectious,25
10,Recovered,36
11,Susceptible,35
11,Infectious,22
11,Recovered,43
12,Susceptible,33
12,Infectious,22
12,Recovered,45
13,Susceptible,33
13,Infectious,21
13,Recovered,46
14,Susceptible,40
14,Infectious,16
14,Recovered,44
15,Susceptible,34
15,Infectious,22
15,Recovered,44
16,Susceptible,32
16,Infectious,24
16,Recovered,44
17,Susceptible,35
17,Infectious,19
17,Recovered,46
18,Susceptible,37
18,Infectious,19
18,Recovered,44
19,Susceptible,37
19,Infectious,22
19,Recovered,41
20,Susceptible,38
20,Infectious,19
20,Recovered,43
21,Susceptible,42
21,Infectious,20
21,Recovered,38
22,Susceptible,38
22,Infectious,24
22,Recovered,38
23,Susceptible,31
23,Infectious,26
23,Recovered,43
24,Susceptible,36
24,Infectious,15
24,Recovered,49
25,Susceptible,45
25,Infectious,20
25,Recovered,35
26,Susceptible,43
26,Infectious,17
26,Recovered,40
27,Susceptible,40
27,Infectious,25
27,Recovered,35
28,Susceptible,36
28,Infectious,22
28,Recovered,42
29,Susceptible,39
29,Infectious,19
29,Recovered,42
30,Susceptible,35
30,Infectious,18
30,Recovered,47
31,Susceptible,28
31,Infectious,24
31,Recovered,48
32,Susceptible,26
32,Infectious,25
32,Recovered,49
33,Susceptible,35
33,Infectious,17
33,Recovered,48
34,Susceptible,41
34,Infectious,19
34,Recovered,40
35,Susceptible,40
35,Infectious,19
35,Recovered,41
36,Susceptible,39
36,Infectious,22
36,Recovered,39
37,Susceptible,36
37,Infectious,16
37,Recovered,48
38,Susceptible,41
38,Infectious,21
38,Recovered,38
39,Susceptible,37
39,Infectious,18
39,Recovered,45
40,Susceptible,32
40,Infectious,23
40,Recovered,45
41,Susceptible,39
41,Infectious,19
41,Recovered,42
42,Susceptible,48
42,Infectious,15
42,Recovered,37
43,Susceptible,50
43,Infectious,20
43,Recovered,30
44,Susceptible,25
44,Infectious,39
44,Recovered,36
45,Susceptible,18
45,Infectious,27
45,Recovered,55
46,Susceptible,36
46,Infectious,12
46,Recovered,52
47,Susceptible,40
47,Infectious,18
47,Recovered,42
48,Susceptible,41
48,Infectious,19
48,Recovered,40
49,Susceptible,39
49,Infectious,19
49,Recovered,42
50,Susceptible,35
50,Infectious,23
50,Recovered,42
51,Susceptible,38
51,Infectious,18
51,Recovered,44
52,Susceptible,38
52,Infectious,16
52,Recovered,46
53,Susceptible,42
53,Infectious,19
53,Recovered,39
54,Susceptible,47
54,Infectious,20
54,Recovered,33
55,Susceptible,36
55,Infectious,23
55,Recovered,41
56,Susceptible,41
56,Infectious,12
56,Recovered,47
57,Susceptible,46
57,Infectious,20
57,Recovered,34
58,Susceptible,41
58,Infectious,24
58,Recovered,35
59,Susceptible,41
59,Infectious,19
59,Recovered,40
60,Susceptible,41
60,Infectious,16
60,Recovered,43
61,Susceptible,35
61,Infectious,21
61,Recovered,44
62,Susceptible,41
62,Infectious,17
62,Recovered,42
63,Susceptible,43
63,Infectious,23
63,Recovered,34
64,Susceptible,31
64,Infectious,31
64,Recovered,38
65,Susceptible,30
65,Infectious,22
65,Recovered,48
66,Susceptible,36
66,Infectious,17
66,Recovered,47
67,Susceptible,35
67,Infectious,24
67,Recovered,41
68,Susceptible,31
68,Infectious,25
68,Recovered,44
69,Susceptible,35
69,Infectious,19
69,Recovered,46
70,Susceptible,39
70,Infectious,17
70,Recovered,44
71,Susceptible,41
71,Infectious,24
71,Recovered,35
72,Susceptible,34
72,Infectious,25
72,Recovered,41
73,Susceptible,34
73,Infectious,19
73,Recovered,47
74,Susceptible,30
74,Infectious,30
74,Recovered,40
75,Susceptible,27
75,Infectious,20
75,Recovered,53
76,Susceptible,38
76,Infectious,19
76,Recovered,43
77,Susceptible,47
77,Infectious,16
77,Recovered,37
78,Susceptible,39
78,Infectious,20
78,Recovered,41
79,Susceptible,37
79,Infectious,24
79,Recovered,39
80,Susceptible,32
80,Infectious,23
80,Recovered,45
81,Susceptible,32
81,Infectious,23
81,Recovered,45
82,Susceptible,35
82,Infectious,15
82,Recovered,50
83,Susceptible,39
83,Infectious,20
83,Recovered,41
84,Susceptible,37
84,Infectious,23
84,Recovered,40
85,Susceptible,32
85,Infectious,33
85,Recovered,35
86,Susceptible,30
86,Infectious,22
86,Recovered,48
87,Susceptible,34
87,Infectious,19
87,Recovered,47
88,Susceptible,35
88,Infectious,24
88,Recovered,41
89,Susceptible,44
89,Infectious,13
89,Recovered,43
90,Susceptible,39
90,Infectious,25
90,Recovered,36
91,Susceptible,36
91,Infectious,23
91,Recovered,41
92,Susceptible,35
92,Infectious,20
92,Recovered,45
93,Susceptible,35
93,Infectious,23
93,Recovered,42
94,Susceptible,29
94,Infectious,24
94,Recovered,47
95,Susceptible,34
95,Infectious,21
95,Recovered,45
96,Susceptible,42
96,Infectious,15
96,Recovered,43
97,Susceptible,32
97,Infectious,28
97,Recovered,40
98,Susceptible,38
98,Infectious,16
98,Recovered,46
99,Susceptible,36
99,Infectious,24
99,Recovered,40
100,Susceptible,28
100,Infectious,27
100,Recovered,45
101,Susceptible,32
101,Infectious,17
101,Recovered,51
102,Susceptible,40
102,Infectious,17
102,Recovered,43
103,Susceptible,32
103,Infectious,27
103,Recovered,41
104,Susceptible,32
104,Infectious,17
104,Recovered,51
105,Susceptible,36
105,Infectious,20
105,Recovered,44
106,Susceptible,37
106,Infectious,20
106,Recovered,43
107,Susceptible,37
107,Infectious,22
107,Recovered,41
108,Susceptible,34
108,Infectious,25
108,Recovered,41
109,Susceptible,42
109,Infectious,16
109,Recovered,42
110,Susceptible,45
110,Infectious,16
110,Recovered,39
111,Susceptible,39
111,Infectious,26
111,Recovered,35
112,Susceptible,30
112,Infectious,23
112,Recovered,47
113,Susceptible,40
113,Infectious,12
113,Recovered,48
114,Susceptible,48
114,Infectious,12
114,Recovered,40
115,Susceptible,43
115,Infectious,21
115,Recovered,36
116,Susceptible,28
116,Infectious,34
116,Recovered,38
117,Susceptible,38
117,Infectious,11
117,Recovered,51
118,Susceptible,34
118,Infectious,25
118,Recovered,41
119,Susceptible,40
119,Infectious,14
119,Recovered,46
120,Susceptible,48
120,Infectious,19
120,Recovered,33
121,Susceptible,40
121,Infectious,27
121,Recovered,33
122,Susceptible,44
122,Infectious,15
122,Recovered,41
123,Susceptible,36
123,Infectious,28
123,Recovered,36
124,Susceptible,30
124,Infectious,25
124,Recovered,45
125,Susceptible,38
125,Infectious,14
125,Recovered,48
126,Susceptible,45
126,Infectious,19
126,Recovered,36
127,Susceptible,34
127,Infectious,24
127,Recovered,42
128,Susceptible,28
128,Infectious,22
128,Recovered,50
129,Susceptible,36
129,Infectious,12
129,Recovered,52
130,Susceptible,44
130,Infectious,15
130,Recovered,41
131,Susceptible,35
131,Infectious,21
131,Recovered,44
132,Susceptible,39
132,Infectious,18
132,Recovered,43
133,Susceptible,42
133,Infectious,24
133,Recovered,34
134,Susceptible,43
134,Infectious,16
134,Recovered,41
135,Susceptible,39
135,Infectious,18
135,Recovered,43
136,Susceptible,37
136,Infectious,19
136,Recovered,44
137,Susceptible,35
137,Infectious,25
137,Recovered,40
138,Susceptible,35
138,Infectious,20
138,Recovered,45
139,Susceptible,34
139,Infectious,24
139,Recovered,42
140,Susceptible,33
140,Infectious,18
140,Recovered,49
141,Susceptible,40
141,Infectious,18
141,Recovered,42
142,Susceptible,35
142,Infectious,28
142,Recovered,37
143,Susceptible,28
143,Infectious,25
143,Recovered,47
144,Susceptible,40
144,Infectious,15
144,Recovered,45
145,Susceptible,37
145,Infectious,23
145,Recovered,40
146,Susceptible,40
146,Infectious,16
146,Recovered,44
147,Susceptible,38
147,Infectious,23
147,Recovered,39
148,Susceptible,39
148,Infectious,21
148,Recovered,40
149,Susceptible,37
149,Infectious,20
149,Recovered,43
150,Susceptible,34
150,Infectious,24
150,Recovered,42
151,Susceptible,30
151,Infectious,18
151,Recovered,52
152,Susceptible,45
152,Infectious,11
152,Recovered,44
153,Susceptible,48
153,Infectious,18
153,Recovered,34
154,Susceptible,39
154,Infectious,23
154,Recovered,38
155,Susceptible,39
155,Infectious,20
155,Recovered,41
156,Susceptible,31
156,Infectious,22
156,Recovered,47
157,Susceptible,28
157,Infectious,25
157,Recovered,47
158,Susceptible,34
158,Infectious,17
158,Recovered,49
159,Susceptible,34
159,Infectious,23
159,Recovered,43
160,Susceptible,32
160,Infectious,20
160,Recovered,48
161,Susceptible,29
161,Infectious,27
161,Recovered,44
162,Susceptible,33
162,Infectious,16
162,Recovered,51
163,Susceptible,30
163,Infectious,28
163,Recovered,42
164,Susceptible,29
164,Infectious,26
164,Recovered,45
165,Susceptible,31
165,Infectious,24
165,Recovered,45
166,Susceptible,42
166,Infectious,16
166,Recovered,42
167,Susceptible,41
167,Infectious,18
167,Recovered,41
168,Susceptible,43
168,Infectious,21
168,Recovered,36
169,Susceptible,28
169,Infectious,30
169,Recovered,42
170,Susceptible,31
170,Infectious,17
170,Recovered,52
171,Susceptible,40
171,Infectious,18
171,Recovered,42
172,Susceptible,44
172,Infectious,20
172,Recovered,36
173,Susceptible,34
173,Infectious,29
173,Recovered,37
174,Susceptible,39
174,Infectious,11
174,Recovered,50
175,Susceptible,36
175,Infectious,22
175,Recovered,42
176,Susceptible,31
176,Infectious,27
176,Recovered,42
177,Susceptible,35
177,Infectious,16
177,Recovered,49
178,Susceptible,37
178,Infectious,20
178,Recovered,43
179,Susceptible,34
179,Infectious,22
179,Recovered,44
180,Susceptible,35
180,Infectious,19
180,Recovered,46
181,Susceptible,37
181,Infectious,20
181,Recovered,43
182,Susceptible,32
182,Infectious,20
182,Recovered,48
183,Susceptible,37
183,Infectious,16
183,Recovered,47
184,Susceptible,33
184,Infectious,24
184,Recovered,43
185,Susceptible,33
185,Infectious,15
185,Recovered,52
186,Susceptible,42
186,Infectious,18
186,Recovered,40
187,Susceptible,37
187,Infectious,24
187,Recovered,39
188,Susceptible,28
188,Infectious,24
188,Recovered,48
189,Susceptible,35
189,Infectious,17
189,Recovered,48
190,Susceptible,42
190,Infectious,19
190,Recovered,39
191,Susceptible,30
191,Infectious,26
191,Recovered,44
192,Susceptible,31
192,Infectious,16
192,Recovered,53
193,Susceptible,37
193,Infectious,17
193,Recovered,46
194,Susceptible,44
194,Infectious,15
194,Recovered,41
195,Susceptible,42
195,Infectious,22
195,Recovered,36
196,Susceptible,28
196,Infectious,30
196,Recovered,42
197,Susceptible,33
197,Infectious,17
197,Recovered,50
198,Susceptible,35
198,Infectious,18
198,Recovered,47
199,Susceptible,33
199,Infectious,23
199,Recovered,44
200,Susceptible,41
200,Infectious,21
200,Recovered,38
201,Susceptible,31
201,Infectious,29
201,Recovered,40
202,Susceptible,39
202,Infectious,15
202,Recovered,46
203,Susceptible,39
203,Infectious,23
203,Recovered,38
204,Susceptible,40
204,Infectious,19
204,Recovered,41
205,Susceptible,36
205,Infectious,23
205,Recovered,41
206,Susceptible,30
206,Infectious,26
206,Recovered,44
207,Susceptible,27
207,Infectious,21
207,Recovered,52
208,Susceptible,32
208,Infectious,18
208,Recovered,50
209,Susceptible,38
209,Infectious,19
209,Recovered,43
210,Susceptible,47
210,Infectious,11
210,Recovered,42
211,Susceptible,41
211,Infectious,26
211,Recovered,33
212,Susceptible,42
212,Infectious,16
212,Recovered,42
213,Susceptible,47
213,Infectious,14
213,Recovered,39
214,Susceptible,44
214,Infectious,22
214,Recovered,34
215,Susceptible,30
215,Infectious,32
215,Recovered,38
216,Susceptible,29
216,Infectious,19
216,Recovered,52
217,Susceptible,45
217,Infectious,14
217,Recovered,41
218,Susceptible,38
218,Infectious,23
218,Recovered,39
219,Susceptible,33
219,Infectious,23
219,Recovered,44
220,Susceptible,36
220,Infectious,14
220,Recovered,50
221,Susceptible,41
221,Infectious,19
221,Recovered,40
222,Susceptible,40
222,Infectious,21
222,Recovered,39
223,Susceptible,41
223,Infectious,20
223,Recovered,39
224,Susceptible,41
224,Infectious,21
224,Recovered,38
225,Susceptible,30
225,Infectious,24
225,Recovered,46
226,Susceptible,40
226,Infectious,13
226,Recovered,47
227,Susceptible,46
227,Infectious,14
227,Recovered,40
228,Susceptible,36
228,Infectious,30
228,Recovered,34
229,Susceptible,40
229,Infectious,20
229,Recovered,40
230,Susceptible,37
230,Infectious,21
230,Recovered,42
231,Susceptible,37
231,Infectious,24
231,Recovered,39
232,Susceptible,23
232,Infectious,29
232,Recovered,48
233,Susceptible,34
233,Infectious,19
233,Recovered,47
234,Susceptible,36
234,Infectious,21
234,Recovered,43
235,Susceptible,41
235,Infectious,20
235,Recovered,39
236,Susceptible,33
236,Infectious,23
236,Recovered,44
237,Susceptible,39
237,Infectious,17
237,Recovered,44
238,Susceptible,40
238,Infectious,22
238,Recovered,38
239,Susceptible,35
239,Infectious,26
239,Recovered,39
240,Susceptible,37
240,Infectious,19
240,Recovered,44
241,Susceptible,33
241,Infectious,25
241,Recovered,42
242,Susceptible,29
242,Infectious,24
242,Recovered,47
243,Susceptible,45
243,Infectious,10
243,Recovered,45
244,Susceptible,45
244,Infectious,21
244,Recovered,34
245,Susceptible,37
245,Infectious,22
245,Recovered,41
246,Susceptible,33
246,Infectious,28
246,Recovered,39
247,Susceptible,34
247,Infectious,18
247,Recovered,48
248,Susceptible,37
248,Infectious,24
248,Recovered,39
249,Susceptible,44
249,Infectious,17
249,Recovered,39
250,Susceptible,46
250,Infectious,25
250,Recovered,29
251,Susceptible,35
251,Infectious,22
251,Recovered,43
252,Susceptible,47
252,Infectious,13
252,Recovered,40
253,Susceptible,30
253,Infectious,31
253,Recovered,39
254,Susceptible,25
254,Infectious,23
254,Recovered,52
255,Susceptible,29
255,Infectious,21
255,Recovered,50
256,Susceptible,42
256,Infectious,11
256,Recovered,47
257,Susceptible,42
257,Infectious,26
257,Recovered,32
258,Susceptible,36
258,Infectious,24
258,Recovered,40
259,Susceptible,24
259,Infectious,27
259,Recovered,49
260,Susceptible,37
260,Infectious,11
260,Recovered,52
261,Susceptible,41
261,Infectious,20
261,Recovered,39
262,Susceptible,43
262,Infectious,17
262,Recovered,40
263,Susceptible,38
263,Infectious,27
263,Recovered,35
264,Susceptible,30
264,Infectious,25
264,Recovered,45
265,Susceptible,39
265,Infectious,12
265,Recovered,49
266,Susceptible,36
266,Infectious,22
266,Recovered,42
267,Susceptible,33
267,Infectious,25
267,Recovered,42
268,Susceptible,37
268,Infectious,17
268,Recovered,46
269,Susceptible,40
269,Infectious,18
269,Recovered,42
270,Susceptible,33
270,Infectious,21
270,Recovered,46
271,Susceptible,41
271,Infectious,19
271,Recovered,40
272,Susceptible,40
272,Infectious,23
272,Recovered,37
273,Susceptible,35
273,Infectious,28
273,Recovered,37
274,Susceptible,41
274,Infectious,11
274,Recovered,48
275,Susceptible,41
275,Infectious,22
275,Recovered,37
276,Susceptible,31
276,Infectious,32
276,Recovered,37
277,Susceptible,30
277,Infectious,16
277,Recovered,54
278,Susceptible,39
278,Infectious,20
278,Recovered,41
279,Susceptible,27
279,Infectious,25
279,Recovered,48
280,Susceptible,39
280,Infectious,11
280,Recovered,50
281,Susceptible,45
281,Infectious,21
281,Recovered,34
282,Susceptible,41
282,Infectious,17
282,Recovered,42
283,Susceptible,43
283,Infectious,23
283,Recovered,34
284,Susceptible,25
284,Infectious,34
284,Recovered,41
285,Susceptible,24
285,Infectious,23
285,Recovered,53
286,Susceptible,28
286,Infectious,21
286,Recovered,51
287,Susceptible,36
287,Infectious,12
287,Recovered,52
288,Susceptible,42
288,Infectious,25
288,Recovered,33
289,Susceptible,47
289,Infectious,12
289,Recovered,41
290,Susceptible,38
290,Infectious,23
290,Recovered,39
291,Susceptible,30
291,Infectious,24
291,Recovered,46
292,Susceptible,36
292,Infectious,12
292,Recovered,52
293,Susceptible,42
293,Infectious,20
293,Recovered,38
294,Susceptible,35
294,Infectious,32
294,Recovered,33
295,Susceptible,36
295,Infectious,18
295,Recovered,46
296,Susceptible,45
296,Infectious,15
296,Recovered,40
297,Susceptible,43
297,Infectious,18
297,Recovered,39
298,Susceptible,36
298,Infectious,26
298,Recovered,38
299,Susceptible,37
299,Infectious,21
299,Recovered,42
300,Susceptible,37
300,Infectious,17
300,Recovered,46
301,Susceptible,22
301,Infectious,41
301,Recovered,37
302,Susceptible,26
302,Infectious,15
302,Recovered,59
303,Susceptible,36
303,Infectious,11
303,Recovered,53
304,Susceptible,40
304,Infectious,27
304,Recovered,33
305,Susceptible,30
305,Infectious,22
305,Recovered,48
306,Susceptible,30
306,Infectious,24
306,Recovered,46
307,Susceptible,36
307,Infectious,19
307,Recovered,45
308,Susceptible,34
308,Infectious,21
308,Recovered,45
309,Susceptible,35
309,Infectious,15
309,Recovered,50
310,Susceptible,46
310,Infectious,15
310,Recovered,39
311,Susceptible,35
311,Infectious,25
311,Recovered,40
312,Susceptible,41
312,Infectious,18
312,Recovered,41
313,Susceptible,40
313,Infectious,21
313,Recovered,39
314,Susceptible,36
314,Infectious,21
314,Recovered,43
315,Susceptible,32
315,Infectious,20
315,Recovered,48
316,Susceptible,36
316,Infectious,16
316,Recovered,48
317,Susceptible,34
317,Infectious,26
317,Recovered,40
318,Susceptible,31
318,Infectious,23
318,Recovered,46
319,Susceptible,39
319,Infectious,13
319,Recovered,48
320,Susceptible,40
320,Infectious,19
320,Recovered,41
321,Susceptible,29
321,Infectious,31
321,Recovered,40
322,Susceptible,34
322,Infectious,15
322,Recovered,51
323,Susceptible,38
323,Infectious,20
323,Recovered,42
324,Susceptible,31
324,Infectious,27
324,Recovered,42
325,Susceptible,30
325,Infectious,26
325,Recovered,44
326,Susceptible,35
326,Infectious,18
326,Recovered,47
327,Susceptible,34
327,Infectious,23
327,Recovered,43
328,Susceptible,39
328,Infectious,18
328,Recovered,43
329,Susceptible,30
329,Infectious,24
329,Recovered,46
330,Susceptible,32
330,Infectious,21
330,Recovered,47
331,Susceptible,33
331,Infectious,20
331,Recovered,47
332,Susceptible,38
332,Infectious,20
332,Recovered,42
333,Susceptible,35
333,Infectious,29
333,Recovered,36
334,Susceptible,30
334,Infectious,24
334,Recovered,46
335,Susceptible,40
335,Infectious,17
335,Recovered,43
336,Susceptible,40
336,Infectious,17
336,Recovered,43
337,Susceptible,34
337,Infectious,21
337,Recovered,45
338,Susceptible,40
338,Infectious,16
338,Recovered,44
339,Susceptible,44
339,Infectious,15
339,Recovered,41
340,Susceptible,37
340,Infectious,26
340,Recovered,37
341,Susceptible,39
341,Infectious,19
341,Recovered,42
342,Susceptible,33
342,Infectious,23
342,Recovered,44
343,Susceptible,39
343,Infectious,12
343,Recovered,49
344,Susceptible,44
344,Infectious,16
344,Recovered,40
345,Susceptible,33
345,Infectious,27
345,Recovered,40
346,Susceptible,36
346,Infectious,13
346,Recovered,51
347,Susceptible,40
347,Infectious,22
347,Recovered,38
348,Susceptible,37
348,Infectious,19
348,Recovered,44
349,Susceptible,37
349,Infectious,25
349,Recovered,38
350,Susceptible,32
350,Infectious,25
350,Recovered,43
351,Susceptible,37
351,Infectious,12
351,Recovered,51
352,Susceptible,40
352,Infectious,27
352,Recovered,33
353,Susceptible,27
353,Infectious,19
353,Recovered,54
354,Susceptible,32
354,Infectious,22
354,Recovered,46
355,Susceptible,39
355,Infectious,22
355,Recovered,39
356,Susceptible,42
356,Infectious,18
356,Recovered,40
357,Susceptible,34
357,Infectious,24
357,Recovered,42
358,Susceptible,39
358,Infectious,14
358,Recovered,47
359,Susceptible,46
359,Infectious,22
359,Recovered,32
360,Susceptible,32
360,Infectious,27
360,Recovered,41
361,Susceptible,33
361,Infectious,17
361,Recovered,50
362,Susceptible,38
362,Infectious,16
362,Recovered,46
363,Susceptible,35
363,Infectious,23
363,Recovered,42
364,Susceptible,30
364,Infectious,22
364,Recovered,48
365,Susceptible,34
365,Infectious,18
365,Recovered,48
366,Susceptible,33
366,Infectious,18
366,Recovered,49
367,Susceptible,39
367,Infectious,22
367,Recovered,39
368,Susceptible,36
368,Infectious,18
368,Recovered,46
369,Susceptible,37
369,Infectious,17
369,Recovered,46
370,Susceptible,42
370,Infectious,17
370,Recovered,41
371,Susceptible,30
371,Infectious,31
371,Recovered,39
372,Susceptible,19
372,Infectious,30
372,Recovered,51
373,Susceptible,31
373,Infectious,14
373,Recovered,55
374,Susceptible,35
374,Infectious,23
374,Recovered,42
375,Susceptible,34
375,Infectious,20
375,Recovered,46
376,Susceptible,46
376,Infectious,15
376,Recovered,39
377,Susceptible,36
377,Infectious,31
377,Recovered,33
378,Susceptible,35
378,Infectious,13
378,Recovered,52
379,Susceptible,42
379,Infectious,13
379,Recovered,45
380,Susceptible,45
380,Infectious,22
380,Recovered,33
381,Susceptible,32
381,Infectious,27
381,Recovered,41
382,Susceptible,25
382,Infectious,21
382,Recovered,54
383,Susceptible,39
383,Infectious,12
383,Recovered,49
384,Susceptible,40
384,Infectious,18
384,Recovered,42
385,Susceptible,37
385,Infectious,23
385,Recovered,40
386,Susceptible,40
386,Infectious,19
386,Recovered,41
387,Susceptible,39
387,Infectious,23
387,Recovered,38
388,Susceptible,40
388,Infectious,18
388,Recovered,42
389,Susceptible,35
389,Infectious,22
389,Recovered,43
390,Susceptible,32
390,Infectious,31
390,Recovered,37
391,Susceptible,31
391,Infectious,19
391,Recovered,50
392,Susceptible,38
392,Infectious,23
392,Recovered,39
393,Susceptible,34
393,Infectious,24
393,Recovered,42
394,Susceptible,35
394,Infectious,21
394,Recovered,44
395,Susceptible,38
395,Infectious,18
395,Recovered,44
396,Susceptible,39
396,Infectious,19
396,Recovered,42
397,Susceptible,36
397,Infectious,26
397,Recovered,38
398,Susceptible,34
398,Infectious,18
398,Recovered,48
399,Susceptible,34
399,Infectious,18
399,Recovered,48
400,Susceptible,35
400,Infectious,20
400,Recovered,45
401,Susceptible,34
401,Infectious,20
401,Recovered,46
402,Susceptible,31
402,Infectious,28
402,Recovered,41
403,Susceptible,28
403,Infectious,27
403,Recovered,45
404,Susceptible,31
404,Infectious,22
404,Recovered,47
405,Susceptible,32
405,Infectious,18
405,Recovered,50
406,Susceptible,42
406,Infectious,17
406,Recovered,41
407,Susceptible,29
407,Infectious,32
407,Recovered,39
408,Susceptible,32
408,Infectious,14
408,Recovered,54
409,Susceptible,40
409,Infectious,16
409,Recovered,44
410,Susceptible,35
410,Infectious,29
410,Recovered,36
411,Susceptible,35
411,Infectious,19
411,Recovered,46
412,Susceptible,46
412,Infectious,11
412,Recovered,43
413,Susceptible,40
413,Infectious,20
413,Recovered,40
414,Susceptible,33
414,Infectious,25
414,Recovered,42
415,Susceptible,42
415,Infectious,13
415,Recovered,45
416,Susceptible,40
416,Infectious,25
416,Recovered,35
417,Susceptible,41
417,Infectious,16
417,Recovered,43
418,Susceptible,39
418,Infectious,22
418,Recovered,39
419,Susceptible,33
419,Infectious,27
419,Recovered,40
420,Susceptible,39
420,Infectious,17
420,Recovered,44
421,Susceptible,39
421,Infectious,20
421,Recovered,41
422,Susceptible,37
422,Infectious,20
422,Recovered,43
423,Susceptible,26
423,Infectious,30
423,Recovered,44
424,Susceptible,30
424,Infectious,19
424,Recovered,51
425,Susceptible,43
425,Infectious,15
425,Recovered,42
426,Susceptible,42
426,Infectious,18
426,Recovered,40
427,Susceptible,39
427,Infectious,30
427,Recovered,31
428,Susceptible,32
428,Infectious,24
428,Recovered,44
429,Susceptible,38
429,Infectious,15
429,Recovered,47
430,Susceptible,41
430,Infectious,18
430,Recovered,41
431,Susceptible,41
431,Infectious,20
431,Recovered,39
432,Susceptible,36
432,Infectious,21
432,Recovered,43
433,Susceptible,40
433,Infectious,18
433,Recovered,42
434,Susceptible,44
434,Infectious,16
434,Recovered,40
435,Susceptible,42
435,Infectious,23
435,Recovered,35
436,Susceptible,44
436,Infectious,19
436,Recovered,37
437,Susceptible,37
437,Infectious,22
437,Recovered,41
438,Susceptible,38
438,Infectious,17
438,Recovered,45
439,Susceptible,36
439,Infectious,19
439,Recovered,45
440,Susceptible,38
440,Infectious,24
440,Recovered,38
441,Susceptible,39
441,Infectious,16
441,Recovered,45
442,Susceptible,30
442,Infectious,26
442,Recovered,44
443,Susceptible,30
443,Infectious,21
443,Recovered,49
444,Susceptible,41
444,Infectious,15
444,Recovered,44
445,Susceptible,42
445,Infectious,21
445,Recovered,37
446,Susceptible,36
446,Infectious,25
446,Recovered,39
447,Susceptible,39
447,Infectious,19
447,Recovered,42
448,Susceptible,40
448,Infectious,18
448,Recovered,42
449,Susceptible,40
449,Infectious,21
449,Recovered,39
450,Susceptible,32
450,Infectious,25
450,Recovered,43
451,Susceptible,28
451,Infectious,20
451,Recovered,52
452,Susceptible,34
452,Infectious,15
452,Recovered,51
453,Susceptible,31
453,Infectious,22
453,Recovered,47
454,Susceptible,44
454,Infectious,12
454,Recovered,44
455,Susceptible,42
455,Infectious,20
455,Recovered,38
456,Susceptible,34
456,Infectious,26
456,Recovered,40
457,Susceptible,36
457,Infectious,20
457,Recovered,44
458,Susceptible,46
458,Infectious,14
458,Recovered,40
459,Susceptible,36
459,Infectious,27
459,Recovered,37
460,Susceptible,37
460,Infectious,21
460,Recovered,42
461,Susceptible,36
461,Infectious,22
461,Recovered,42
462,Susceptible,42
462,Infectious,17
462,Recovered,41
463,Susceptible,39
463,Infectious,24
463,Recovered,37
464,Susceptible,32
464,Infectious,26
464,Recovered,42
465,Susceptible,33
465,Infectious,20
465,Recovered,47
466,Susceptible,33
466,Infectious,20
466,Recovered,47
467,Susceptible,42
467,Infectious,18
467,Recovered,40
468,Susceptible,40
468,Infectious,25
468,Recovered,35
469,Susceptible,33
469,Infectious,26
469,Recovered,41
470,Susceptible,37
470,Infectious,14
470,Recovered,49
471,Susceptible,38
471,Infectious,20
471,Recovered,42
472,Susceptible,35
472,Infectious,24
472,Recovered,41
473,Susceptible,26
473,Infectious,31
473,Recovered,43
474,Susceptible,31
474,Infectious,13
474,Recovered,56
475,Susceptible,41
475,Infectious,12
475,Recovered,47
476,Susceptible,41
476,Infectious,20
476,Recovered,39
477,Susceptible,37
477,Infectious,23
477,Recovered,40
478,Susceptible,37
478,Infectious,17
478,Recovered,46
479,Susceptible,40
479,Infectious,15
479,Recovered,45
480,Susceptible,45
480,Infectious,20
480,Recovered,35
481,Susceptible,40
481,Infectious,18
481,Recovered,42
482,Susceptible,38
482,Infectious,18
482,Recovered,44
483,Susceptible,43
483,Infectious,21
483,Recovered,36
484,Susceptible,27
484,Infectious,32
484,Recovered,41
485,Susceptible,20
485,Infectious,21
485,Recovered,59
486,Susceptible,43
486,Infectious,12
486,Recovered,45
487,Susceptible,42
487,Infectious,21
487,Recovered,37
488,Susceptible,40
488,Infectious,20
488,Recovered,40
489,Susceptible,38
489,Infectious,21
489,Recovered,41
490,Susceptible,45
490,Infectious,12
490,Recovered,43
491,Susceptible,40
491,Infectious,26
491,Recovered,34
492,Susceptible,37
492,Infectious,23
492,Recovered,40
493,Susceptible,44
493,Infectious,16
493,Recovered,40
494,Susceptible,49
494,Infectious,13
494,Recovered,38
495,Susceptible,38
495,Infectious,28
495,Recovered,34
496,Susceptible,33
496,Infectious,22
496,Recovered,45
497,Susceptible,37
497,Infectious,21
497,Recovered,42
498,Susceptible,34
498,Infectious,26
498,Recovered,40
499,Susceptible,37
499,Infectious,14
499,Recovered,49
500,Susceptible,36
500,Infectious,25
500,Recovered,39
501,Susceptible,42
501,Infectious,18
501,Recovered,40
502,Susceptible,41
502,Infectious,18
502,Recovered,41
503,Susceptible,40
503,Infectious,18
503,Recovered,42
504,Susceptible,35
504,Infectious,22
504,Recovered,43
505,Susceptible,38
505,Infectious,16
505,Recovered,46
506,Susceptible,46
506,Infectious,11
506,Recovered,43
507,Susceptible,43
507,Infectious,26
507,Recovered,31
508,Susceptible,22
508,Infectious,31
508,Recovered,47
509,Susceptible,32
509,Infectious,10
509,Recovered,58
510,Susceptible,42
510,Infectious,16
510,Recovered,42
511,Susceptible,33
511,Infectious,23
511,Recovered,44
512,Susceptible,28
512,Infectious,26
512,Recovered,46
513,Susceptible,40
513,Infectious,13
513,Recovered,47
514,Susceptible,40
514,Infectious,18
514,Recovered,42
515,Susceptible,40
515,Infectious,22
515,Recovered,38
516,Susceptible,36
516,Infectious,26
516,Recovered,38
517,Susceptible,39
517,Infectious,21
517,Recovered,40
518,Susceptible,39
518,Infectious,17
518,Recovered,44
519,Susceptible,42
519,Infectious,19
519,Recovered,39
520,Susceptible,37
520,Infectious,24
520,Recovered,39
521,Susceptible,40
521,Infectious,20
521,Recovered,40
522,Susceptible,33
522,Infectious,27
522,Recovered,40
523,Susceptible,40
523,Infectious,14
523,Recovered,46
524,Susceptible,40
524,Infectious,24
524,Recovered,36
525,Susceptible,40
525,Infectious,21
525,Recovered,39
526,Susceptible,32
526,Infectious,26
526,Recovered,42
527,Susceptible,37
527,Infectious,22
527,Recovered,41
528,Susceptible,32
528,Infectious,27
528,Recovered,41
529,Susceptible,32
529,Infectious,21
529,Recovered,47
530,Susceptible,38
530,Infectious,17
530,Recovered,45
531,Susceptible,44
531,Infectious,17
531,Recovered,39
532,Susceptible,39
532,Infectious,21
532,Recovered,40
533,Susceptible,43
533,Infectious,14
533,Recovered,43
534,Susceptible,43
534,Infectious,23
534,Recovered,34
535,Susceptible,36
535,Infectious,24
535,Recovered,40
536,Susceptible,32
536,Infectious,19
536,Recovered,49
537,Susceptible,40
537,Infectious,19
537,Recovered,41
538,Susceptible,40
538,Infectious,22
538,Recovered,38
539,Susceptible,28
539,Infectious,32
539,Recovered,40
540,Susceptible,29
540,Infectious,25
540,Recovered,46
541,Susceptible,33
541,Infectious,18
541,Recovered,49
542,Susceptible,32
542,Infectious,27
542,Recovered,41
543,Susceptible,27
543,Infectious,29
543,Recovered,44
544,Susceptible,30
544,Infectious,20
544,Recovered,50
545,Susceptible,36
545,Infectious,22
545,Recovered,42
546,Susceptible,33
546,Infectious,23
546,Recovered,44
547,Susceptible,35
547,Infectious,18
547,Recovered,47
548,Susceptible,38
548,Infectious,24
548,Recovered,38
549,Susceptible,42
549,Infectious,19
549,Recovered,39
550,Susceptible,39
550,Infectious,21
550,Recovered,40
551,Susceptible,40
551,Infectious,22
551,Recovered,38
552,Susceptible,40
552,Infectious,16
552,Recovered,44
553,Susceptible,42
553,Infectious,17
553,Recovered,41
554,Susceptible,42
554,Infectious,20
554,Recovered,38
555,Susceptible,38
555,Infectious,17
555,Recovered,45
556,Susceptible,41
556,Infectious,17
556,Recovered,42
557,Susceptible,43
557,Infectious,14
557,Recovered,43
558,Susceptible,47
558,Infectious,20
558,Recovered,33
559,Susceptible,30
559,Infectious,30
559,Recovered,40
560,Susceptible,34
560,Infectious,12
560,Recovered,54
561,Susceptible,40
561,Infectious,22
561,Recovered,38
562,Susceptible,35
562,Infectious,21
562,Recovered,44
563,Susceptible,30
563,Infectious,26
563,Recovered,44
564,Susceptible,37
564,Infectious,18
564,Recovered,45
565,Susceptible,32
565,Infectious,24
565,Recovered,44
566,Susceptible,36
566,Infectious,18
566,Recovered,46
567,Susceptible,34
567,Infectious,28
567,Recovered,38
568,Susceptible,31
568,Infectious,18
568,Recovered,51
569,Susceptible,44
569,Infectious,11
569,Recovered,45
570,Susceptible,30
570,Infectious,26
570,Recovered,44
571,Susceptible,33
571,Infectious,17
571,Recovered,50
572,Susceptible,40
572,Infectious,19
572,Recovered,41
573,Susceptible,44
573,Infectious,16
573,Recovered,40
574,Susceptible,39
574,Infectious,23
574,Recovered,38
575,Susceptible,27
575,Infectious,34
575,Recovered,39
576,Susceptible,27
576,Infectious,16
576,Recovered,57
577,Susceptible,40
577,Infectious,12
577,Recovered,48
578,Susceptible,37
578,Infectious,21
578,Recovered,42
579,Susceptible,26
579,Infectious,27
579,Recovered,47
580,Susceptible,31
580,Infectious,19
580,Recovered,50
581,Susceptible,38
581,Infectious,17
581,Recovered,45
582,Susceptible,43
582,Infectious,15
582,Recovered,42
583,Susceptible,36
583,Infectious,27
583,Recovered,37
584,Susceptible,30
584,Infectious,28
584,Recovered,42
585,Susceptible,32
585,Infectious,14
585,Recovered,54
586,Susceptible,52
586,Infectious,18
586,Recovered,30
587,Susceptible,36
587,Infectious,25
587,Recovered,39
588,Susceptible,38
588,Infectious,16
588,Recovered,46
589,Susceptible,42
589,Infectious,15
589,Recovered,43
590,Susceptible,33
590,Infectious,28
590,Recovered,39
591,Susceptible,39
591,Infectious,22
591,Recovered,39
592,Susceptible,37
592,Infectious,23
592,Recovered,40
593,Susceptible,31
593,Infectious,24
593,Recovered,45
594,Susceptible,32
594,Infectious,17
594,Recovered,51
595,Susceptible,29
595,Infectious,22
595,Recovered,49
596,Susceptible,34
596,Infectious,10
596,Recovered,56
597,Susceptible,42
597,Infectious,22
597,Recovered,36
598,Susceptible,40
598,Infectious,19
598,Recovered,41
599,Susceptible,35
599,Infectious,29
599,Recovered,36
600,Susceptible,34
600,Infectious,16
600,Recovered,50
601,Susceptible,38
601,Infectious,19
601,Recovered,43
602,Susceptible,41
602,Infectious,22
602,Recovered,37
603,Susceptible,35
603,Infectious,25
603,Recovered,40
604,Susceptible,35
604,Infectious,22
604,Recovered,43
605,Susceptible,32
605,Infectious,20
605,Recovered,48
606,Susceptible,31
606,Infectious,19
606,Recovered,50
607,Susceptible,43
607,Infectious,16
607,Recovered,41
608,Susceptible,33
608,Infectious,27
608,Recovered,40
609,Susceptible,38
609,Infectious,14
609,Recovered,48
610,Susceptible,43
610,Infectious,17
610,Recovered,40
611,Susceptible,33
611,Infectious,28
611,Recovered,39
612,Susceptible,28
612,Infectious,21
612,Recovered,51
613,Susceptible,41
613,Infectious,18
613,Recovered,41
614,Susceptible,46
614,Infectious,16
614,Recovered,38
615,Susceptible,45
615,Infectious,24
615,Recovered,31
616,Susceptible,29
616,Infectious,28
616,Recovered,43
617,Susceptible,32
617,Infectious,21
617,Recovered,47
618,Susceptible,27
618,Infectious,20
618,Recovered,53
619,Susceptible,40
619,Infectious,14
619,Recovered,46
620,Susceptible,36
620,Infectious,26
620,Recovered,38
621,Susceptible,36
621,Infectious,24
621,Recovered,40
622,Susceptible,36
622,Infectious,19
622,Recovered,45
623,Susceptible,40
623,Infectious,17
623,Recovered,43
624,Susceptible,39
624,Infectious,19
624,Recovered,42
625,Susceptible,37
625,Infectious,17
625,Recovered,46
626,Susceptible,41
626,Infectious,22
626,Recovered,37
627,Susceptible,39
627,Infectious,23
627,Recovered,38
628,Susceptible,33
628,Infectious,20
628,Recovered,47
629,Susceptible,32
629,Infectious,24
629,Recovered,44
630,Susceptible,26
630,Infectious,22
630,Recovered,52
631,Susceptible,35
631,Infectious,15
631,Recovered,50
632,Susceptible,38
632,Infectious,24
632,Recovered,38
633,Susceptible,37
633,Infectious,17
633,Recovered,46
634,Susceptible,40
634,Infectious,18
634,Recovered,42
635,Susceptible,38
635,Infectious,23
635,Recovered,39
636,Susceptible,32
636,Infectious,22
636,Recovered,46
637,Susceptible,33
637,Infectious,20
637,Recovered,47
638,Susceptible,42
638,Infectious,17
638,Recovered,41
639,Susceptible,38
639,Infectious,19
639,Recovered,43
640,Susceptible,36
640,Infectious,23
640,Recovered,41
641,Susceptible,36
641,Infectious,21
641,Recovered,43
642,Susceptible,35
642,Infectious,21
642,Recovered,44
643,Susceptible,33
643,Infectious,25
643,Recovered,42
644,Susceptible,34
644,Infectious,19
644,Recovered,47
645,Susceptible,28
645,Infectious,22
645,Recovered,50
646,Susceptible,32
646,Infectious,22
646,Recovered,46
647,Susceptible,28
647,Infectious,19
647,Recovered,53
648,Susceptible,30
648,Infectious,20
648,Recovered,50
649,Susceptible,35
649,Infectious,19
649,Recovered,46
650,Susceptible,45
650,Infectious,13
650,Recovered,42
651,Susceptible,39
651,Infectious,24
651,Recovered,37
652,Susceptible,35
652,Infectious,24
652,Recovered,41
653,Susceptible,39
653,Infectious,13
653,Recovered,48
654,Susceptible,34
654,Infectious,27
654,Recovered,39
655,Susceptible,30
655,Infectious,23
655,Recovered,47
656,Susceptible,34
656,Infectious,15
656,Recovered,51
657,Susceptible,39
657,Infectious,13
657,Recovered,48
658,Susceptible,37
658,Infectious,21
658,Recovered,42
659,Susceptible,34
659,Infectious,22
659,Recovered,44
660,Susceptible,40
660,Infectious,17
660,Recovered,43
661,Susceptible,41
661,Infectious,18
661,Recovered,41
662,Susceptible,39
662,Infectious,17
662,Recovered,44
663,Susceptible,41
663,Infectious,20
663,Recovered,39
664,Susceptible,36
664,Infectious,29
664,Recovered,35
665,Susceptible,34
665,Infectious,18
665,Recovered,48
666,Susceptible,36
666,Infectious,19
666,Recovered,45
667,Susceptible,37
667,Infectious,22
667,Recovered,41
668,Susceptible,37
668,Infectious,17
668,Recovered,46
669,Susceptible,35
669,Infectious,23
669,Recovered,42
670,Susceptible,40
670,Infectious,21
670,Recovered,39
671,Susceptible,36
671,Infectious,21
671,Recovered,43
672,Susceptible,36
672,Infectious,25
672,Recovered,39
673,Susceptible,39
673,Infectious,21
673,Recovered,40
674,Susceptible,44
674,Infectious,18
674,Recovered,38
675,Susceptible,44
675,Infectious,20
675,Recovered,36
676,Susceptible,38
676,Infectious,29
676,Recovered,33
677,Susceptible,25
677,Infectious,29
677,Recovered,46
678,Susceptible,28
678,Infectious,21
678,Recovered,51
679,Susceptible,32
679,Infectious,18
679,Recovered,50
680,Susceptible,37
680,Infectious,19
680,Recovered,44
681,Susceptible,46
681,Infectious,16
681,Recovered,38
682,Susceptible,33
682,Infectious,28
682,Recovered,39
683,Susceptible,34
683,Infectious,21
683,Recovered,45
684,Susceptible,33
684,Infectious,22
684,Recovered,45
685,Susceptible,32
685,Infectious,19
685,Recovered,49
686,Susceptible,36
686,Infectious,24
686,Recovered,40
687,Susceptible,37
687,Infectious,18
687,Recovered,45
688,Susceptible,40
688,Infectious,16
688,Recovered,44
689,Susceptible,43
689,Infectious,17
689,Recovered,40
690,Susceptible,37
690,Infectious,26
690,Recovered,37
691,Susceptible,28
691,Infectious,26
691,Recovered,46
692,Susceptible,35
692,Infectious,16
692,Recovered,49
693,Susceptible,38
693,Infectious,20
693,Recovered,42
694,Susceptible,41
694,Infectious,20
694,Recovered,39
695,Susceptible,36
695,Infectious,19
695,Recovered,45
696,Susceptible,40
696,Infectious,11
696,Recovered,49
697,Susceptible,43
697,Infectious,18
697,Recovered,39
698,Susceptible,31
698,Infectious,26
698,Recovered,43
699,Susceptible,41
699,Infectious,18
699,Recovered,41
700,Susceptible,37
700,Infectious,21
700,Recovered,42
701,Susceptible,40
701,Infectious,18
701,Recovered,42
702,Susceptible,42
702,Infectious,20
702,Recovered,38
703,Susceptible,31
703,Infectious,28
703,Recovered,41
704,Susceptible,34
704,Infectious,17
704,Recovered,49
705,Susceptible,37
705,Infectious,21
705,Recovered,42
706,Susceptible,38
706,Infectious,20
706,Recovered,42
707,Susceptible,39
707,Infectious,19
707,Recovered,42
708,Susceptible,37
708,Infectious,21
708,Recovered,42
709,Susceptible,41
709,Infectious,14
709,Recovered,45
710,Susceptible,40
710,Infectious,19
710,Recovered,41
711,Susceptible,42
711,Infectious,15
711,Recovered,43
712,Susceptible,41
712,Infectious,21
712,Recovered,38
713,Susceptible,31
713,Infectious,22
713,Recovered,47
714,Susceptible,38
714,Infectious,18
714,Recovered,44
715,Susceptible,38
715,Infectious,19
715,Recovered,43
716,Susceptible,41
716,Infectious,18
716,Recovered,41
717,Susceptible,36
717,Infectious,28
717,Recovered,36
718,Susceptible,36
718,Infectious,18
718,Recovered,46
719,Susceptible,42
719,Infectious,22
719,Recovered,36
720,Susceptible,37
720,Infectious,25
720,Recovered,38
721,Susceptible,32
721,Infectious,17
721,Recovered,51
722,Susceptible,39
722,Infectious,19
722,Recovered,42
723,Susceptible,41
723,Infectious,16
723,Recovered,43
724,Susceptible,41
724,Infectious,17
724,Recovered,42
725,Susceptible,45
725,Infectious,16
725,Recovered,39
726,Susceptible,39
726,Infectious,22
726,Recovered,39
727,Susceptible,34
727,Infectious,20
727,Recovered,46
728,Susceptible,35
728,Infectious,17
728,Recovered,48
729,Susceptible,42
729,Infectious,15
729,Recovered,43
730,Susceptible,36
730,Infectious,25
730,Recovered,39
731,Susceptible,44
731,Infectious,14
731,Recovered,42
732,Susceptible,44
732,Infectious,17
732,Recovered,39
733,Susceptible,47
733,Infectious,18
733,Recovered,35
734,Susceptible,39
734,Infectious,23
734,Recovered,38
735,Susceptible,33
735,Infectious,23
735,Recovered,44
736,Susceptible,37
736,Infectious,20
736,Recovered,43
737,Susceptible,30
737,Infectious,28
737,Recovered,42
738,Susceptible,33
738,Infectious,25
738,Recovered,42
739,Susceptible,31
739,Infectious,20
739,Recovered,49
740,Susceptible,33
740,Infectious,20
740,Recovered,47
741,Susceptible,33
741,Infectious,19
741,Recovered,48
742,Susceptible,32
742,Infectious,25
742,Recovered,43
743,Susceptible,30
743,Infectious,23
743,Recovered,47
744,Susceptible,41
744,Infectious,12
744,Recovered,47
745,Susceptible,37
745,Infectious,26
745,Recovered,37
746,Susceptible,29
746,Infectious,29
746,Recovered,42
747,Susceptible,28
747,Infectious,16
747,Recovered,56
748,Susceptible,34
748,Infectious,19
748,Recovered,47
749,Susceptible,32
749,Infectious,25
749,Recovered,43
750,Susceptible,42
750,Infectious,17
750,Recovered,41
751,Susceptible,39
751,Infectious,22
751,Recovered,39
752,Susceptible,41
752,Infectious,17
752,Recovered,42
753,Susceptible,39
753,Infectious,21
753,Recovered,40
754,Susceptible,40
754,Infectious,16
754,Recovered,44
755,Susceptible,38
755,Infectious,28
755,Recovered,34
756,Susceptible,33
756,Infectious,20
756,Recovered,47
757,Susceptible,37
757,Infectious,17
757,Recovered,46
758,Susceptible,39
758,Infectious,18
758,Recovered,43
759,Susceptible,41
759,Infectious,22
759,Recovered,37
760,Susceptible,42
760,Infectious,17
760,Recovered,41
761,Susceptible,31
761,Infectious,23
761,Recovered,46
762,Susceptible,39
762,Infectious,17
762,Recovered,44
763,Susceptible,43
763,Infectious,17
763,Recovered,40
764,Susceptible,41
764,Infectious,22
764,Recovered,37
765,Susceptible,40
765,Infectious,19
765,Recovered,41
766,Susceptible,33
766,Infectious,23
766,Recovered,44
767,Susceptible,26
767,Infectious,26
767,Recovered,48
768,Susceptible,35
768,Infectious,18
768,Recovered,47
769,Susceptible,39
769,Infectious,22
769,Recovered,39
770,Susceptible,33
770,Infectious,22
770,Recovered,45
771,Susceptible,42
771,Infectious,13
771,Recovered,45
772,Susceptible,47
772,Infectious,15
772,Recovered,38
773,Susceptible,40
773,Infectious,28
773,Recovered,32
774,Susceptible,29
774,Infectious,24
774,Recovered,47
775,Susceptible,33
775,Infectious,17
775,Recovered,50
776,Susceptible,30
776,Infectious,13
776,Recovered,57
777,Susceptible,34
777,Infectious,22
777,Recovered,44
778,Susceptible,36
778,Infectious,20
778,Recovered,44
779,Susceptible,31
779,Infectious,24
779,Recovered,45
780,Susceptible,38
780,Infectious,15
780,Recovered,47
781,Susceptible,49
781,Infectious,14
781,Recovered,37
782,Susceptible,48
782,Infectious,17
782,Recovered,35
783,Susceptible,43
783,Infectious,24
783,Recovered,33
784,Susceptible,39
784,Infectious,24
784,Recovered,37
785,Susceptible,31
785,Infectious,26
785,Recovered,43
786,Susceptible,27
786,Infectious,21
786,Recovered,52
787,Susceptible,38
787,Infectious,12
787,Recovered,50
788,Susceptible,42
788,Infectious,19
788,Recovered,39
789,Susceptible,32
789,Infectious,23
789,Recovered,45
790,Susceptible,34
790,Infectious,18
790,Recovered,48
791,Susceptible,44
791,Infectious,22
791,Recovered,34
792,Susceptible,35
792,Infectious,31
792,Recovered,34
793,Susceptible,30
793,Infectious,21
793,Recovered,49
794,Susceptible,28
794,Infectious,22
794,Recovered,50
795,Susceptible,35
795,Infectious,16
795,Recovered,49
796,Susceptible,37
796,Infectious,20
796,Recovered,43
797,Susceptible,37
797,Infectious,16
797,Recovered,47
798,Susceptible,39
798,Infectious,20
798,Recovered,41
799,Susceptible,30
799,Infectious,28
799,Recovered,42
800,Susceptible,34
800,Infectious,22
800,Recovered,44
801,Susceptible,33
801,Infectious,23
801,Recovered,44
802,Susceptible,35
802,Infectious,21
802,Recovered,44
803,Susceptible,40
803,Infectious,18
803,Recovered,42
804,Susceptible,31
804,Infectious,32
804,Recovered,37
805,Susceptible,32
805,Infectious,20
805,Recovered,48
806,Susceptible,37
806,Infectious,14
806,Recovered,49
807,Susceptible,38
807,Infectious,22
807,Recovered,40
808,Susceptible,31
808,Infectious,28
808,Recovered,41
809,Susceptible,34
809,Infectious,20
809,Recovered,46
810,Susceptible,40
810,Infectious,19
810,Recovered,41
811,Susceptible,36
811,Infectious,27
811,Recovered,37
812,Susceptible,26
812,Infectious,29
812,Recovered,45
813,Susceptible,32
813,Infectious,14
813,Recovered,54
814,Susceptible,43
814,Infectious,18
814,Recovered,39
815,Susceptible,36
815,Infectious,25
815,Recovered,39
816,Susceptible,28
816,Infectious,21
816,Recovered,51
817,Susceptible,43
817,Infectious,15
817,Recovered,42
818,Susceptible,45
818,Infectious,21
818,Recovered,34
819,Susceptible,34
819,Infectious,29
819,Recovered,37
820,Susceptible,28
820,Infectious,25
820,Recovered,47
821,Susceptible,36
821,Infectious,16
821,Recovered,48
822,Susceptible,38
822,Infectious,20
822,Recovered,42
823,Susceptible,40
823,Infectious,20
823,Recovered,40
824,Susceptible,37
824,Infectious,27
824,Recovered,36
825,Susceptible,33
825,Infectious,22
825,Recovered,45
826,Susceptible,35
826,Infectious,23
826,Recovered,42
827,Susceptible,28
827,Infectious,29
827,Recovered,43
828,Susceptible,31
828,Infectious,17
828,Recovered,52
829,Susceptible,36
829,Infectious,12
829,Recovered,52
830,Susceptible,40
830,Infectious,24
830,Recovered,36
831,Susceptible,41
831,Infectious,20
831,Recovered,39
832,Susceptible,41
832,Infectious,24
832,Recovered,35
833,Susceptible,34
833,Infectious,28
833,Recovered,38
834,Susceptible,37
834,Infectious,19
834,Recovered,44
835,Susceptible,41
835,Infectious,20
835,Recovered,39
836,Susceptible,39
836,Infectious,23
836,Recovered,38
837,Susceptible,37
837,Infectious,18
837,Recovered,45
838,Susceptible,40
838,Infectious,19
838,Recovered,41
839,Susceptible,32
839,Infectious,28
839,Recovered,40
840,Susceptible,34
840,Infectious,22
840,Recovered,44
841,Susceptible,39
841,Infectious,15
841,Recovered,46
842,Susceptible,38
842,Infectious,21
842,Recovered,41
843,Susceptible,33
843,Infectious,24
843,Recovered,43
844,Susceptible,28
844,Infectious,25
844,Recovered,47
845,Susceptible,38
845,Infectious,13
845,Recovered,49
846,Susceptible,36
846,Infectious,24
846,Recovered,40
847,Susceptible,30
847,Infectious,28
847,Recovered,42
848,Susceptible,36
848,Infectious,21
848,Recovered,43
849,Susceptible,41
849,Infectious,18
849,Recovered,41
850,Susceptible,34
850,Infectious,24
850,Recovered,42
851,Susceptible,36
851,Infectious,22
851,Recovered,42
852,Susceptible,39
852,Infectious,16
852,Recovered,45
853,Susceptible,24
853,Infectious,32
853,Recovered,44
854,Susceptible,36
854,Infectious,12
854,Recovered,52
855,Susceptible,42
855,Infectious,18
855,Recovered,40
856,Susceptible,27
856,Infectious,36
856,Recovered,37
857,Susceptible,22
857,Infectious,29
857,Recovered,49
858,Susceptible,38
858,Infectious,12
858,Recovered,50
859,Susceptible,44
859,Infectious,18
859,Recovered,38
860,Susceptible,44
860,Infectious,16
860,Recovered,40
861,Susceptible,36
861,Infectious,26
861,Recovered,38
862,Susceptible,34
862,Infectious,21
862,Recovered,45
863,Susceptible,33
863,Infectious,28
863,Recovered,39
864,Susceptible,31
864,Infectious,22
864,Recovered,47
865,Susceptible,46
865,Infectious,12
865,Recovered,42
866,Susceptible,40
866,Infectious,24
866,Recovered,36
867,Susceptible,35
867,Infectious,20
867,Recovered,45
868,Susceptible,41
868,Infectious,19
868,Recovered,40
869,Susceptible,45
869,Infectious,18
869,Recovered,37
870,Susceptible,44
870,Infectious,19
870,Recovered,37
871,Susceptible,41
871,Infectious,21
871,Recovered,38
872,Susceptible,32
872,Infectious,27
872,Recovered,41
873,Susceptible,32
873,Infectious,19
873,Recovered,49
874,Susceptible,34
874,Infectious,22
874,Recovered,44
875,Susceptible,33
875,Infectious,21
875,Recovered,46
876,Susceptible,26
876,Infectious,30
876,Recovered,44
877,Susceptible,22
877,Infectious,25
877,Recovered,53
878,Susceptible,34
878,Infectious,18
878,Recovered,48
879,Susceptible,34
879,Infectious,17
879,Recovered,49
880,Susceptible,31
880,Infectious,20
880,Recovered,49
881,Susceptible,37
881,Infectious,25
881,Recovered,38
882,Susceptible,30
882,Infectious,22
882,Recovered,48
883,Susceptible,33
883,Infectious,15
883,Recovered,52
884,Susceptible,36
884,Infectious,21
884,Recovered,43
885,Susceptible,39
885,Infectious,17
885,Recovered,44
886,Susceptible,38
886,Infectious,23
886,Recovered,39
887,Susceptible,36
887,Infectious,20
887,Recovered,44
888,Susceptible,38
888,Infectious,22
888,Recovered,40
889,Susceptible,37
889,Infectious,23
889,Recovered,40
890,Susceptible,46
890,Infectious,17
890,Recovered,37
891,Susceptible,51
891,Infectious,16
891,Recovered,33
892,Susceptible,45
892,Infectious,19
892,Recovered,36
893,Susceptible,36
893,Infectious,21
893,Recovered,43
894,Susceptible,26
894,Infectious,31
894,Recovered,43
895,Susceptible,32
895,Infectious,16
895,Recovered,52
896,Susceptible,40
896,Infectious,18
896,Recovered,42
897,Susceptible,29
897,Infectious,28
897,Recovered,43
898,Susceptible,36
898,Infectious,17
898,Recovered,47
899,Susceptible,33
899,Infectious,21
899,Recovered,46
900,Susceptible,29
900,Infectious,30
900,Recovered,41
901,Susceptible,33
901,Infectious,14
901,Recovered,53
902,Susceptible,32
902,Infectious,26
902,Recovered,42
903,Susceptible,34
903,Infectious,19
903,Recovered,47
904,Susceptible,44
904,Infectious,12
904,Recovered,44
905,Susceptible,40
905,Infectious,28
905,Recovered,32
906,Susceptible,30
906,Infectious,21
906,Recovered,49
907,Susceptible,28
907,Infectious,21
907,Recovered,51
908,Susceptible,38
908,Infectious,12
908,Recovered,50
909,Susceptible,43
909,Infectious,23
909,Recovered,34
910,Susceptible,35
910,Infectious,22
910,Recovered,43
911,Susceptible,34
911,Infectious,23
911,Recovered,43
912,Susceptible,36
912,Infectious,22
912,Recovered,42
913,Susceptible,39
913,Infectious,19
913,Recovered,42
914,Susceptible,35
914,Infectious,17
914,Recovered,48
915,Susceptible,34
915,Infectious,16
915,Recovered,50
916,Susceptible,38
916,Infectious,18
916,Recovered,44
917,Susceptible,35
917,Infectious,24
917,Recovered,41
918,Susceptible,40
918,Infectious,14
918,Recovered,46
919,Susceptible,42
919,Infectious,16
919,Recovered,42
920,Susceptible,31
920,Infectious,28
920,Recovered,41
921,Susceptible,31
921,Infectious,19
921,Recovered,50
922,Susceptible,33
922,Infectious,18
922,Recovered,49
923,Susceptible,32
923,Infectious,22
923,Recovered,46
924,Susceptible,32
924,Infectious,19
924,Recovered,49
925,Susceptible,37
925,Infectious,17
925,Recovered,46
926,Susceptible,38
926,Infectious,17
926,Recovered,45
927,Susceptible,39
927,Infectious,18
927,Recovered,43
928,Susceptible,35
928,Infectious,28
928,Recovered,37
929,Susceptible,33
929,Infectious,20
929,Recovered,47
930,Susceptible,30
930,Infectious,20
930,Recovered,50
931,Susceptible,35
931,Infectious,15
931,Recovered,50
932,Susceptible,36
932,Infectious,24
932,Recovered,40
933,Susceptible,36
933,Infectious,19
933,Recovered,45
934,Susceptible,36
934,Infectious,23
934,Recovered,41
935,Susceptible,28
935,Infectious,31
935,Recovered,41
936,Susceptible,33
936,Infectious,18
936,Recovered,49
937,Susceptible,35
937,Infectious,22
937,Recovered,43
938,Susceptible,35
938,Infectious,17
938,Recovered,48
939,Susceptible,34
939,Infectious,20
939,Recovered,46
940,Susceptible,40
940,Infectious,14
940,Recovered,46
941,Susceptible,39
941,Infectious,22
941,Recovered,39
942,Susceptible,32
942,Infectious,19
942,Recovered,49
943,Susceptible,38
943,Infectious,20
943,Recovered,42
944,Susceptible,23
944,Infectious,28
944,Recovered,49
945,Susceptible,33
945,Infectious,16
945,Recovered,51
946,Susceptible,43
946,Infectious,20
946,Recovered,37
947,Susceptible,31
947,Infectious,24
947,Recovered,45
948,Susceptible,42
948,Infectious,13
948,Recovered,45
949,Susceptible,40
949,Infectious,21
949,Recovered,39
950,Susceptible,40
950,Infectious,23
950,Recovered,37
951,Susceptible,36
951,Infectious,24
951,Recovered,40
952,Susceptible,33
952,Infectious,20
952,Recovered,47
953,Susceptible,40
953,Infectious,15
953,Recovered,45
954,Susceptible,31
954,Infectious,33
954,Recovered,36
955,Susceptible,27
955,Infectious,25
955,Recovered,48
956,Susceptible,29
956,Infectious,16
956,Recovered,55
957,Susceptible,33
957,Infectious,18
957,Recovered,49
958,Susceptible,40
958,Infectious,16
958,Recovered,44
959,Susceptible,37
959,Infectious,21
959,Recovered,42
960,Susceptible,33
960,Infectious,25
960,Recovered,42
961,Susceptible,39
961,Infectious,13
961,Recovered,48
962,Susceptible,38
962,Infectious,22
962,Recovered,40
963,Susceptible,33
963,Infectious,28
963,Recovered,39
964,Susceptible,31
964,Infectious,20
964,Recovered,49
965,Susceptible,35
965,Infectious,20
965,Recovered,45
966,Susceptible,35
966,Infectious,22
966,Recovered,43
967,Susceptible,39
967,Infectious,19
967,Recovered,42
968,Susceptible,27
968,Infectious,32
968,Recovered,41
969,Susceptible,27
969,Infectious,22
969,Recovered,51
970,Susceptible,32
970,Infectious,21
970,Recovered,47
971,Susceptible,41
971,Infectious,14
971,Recovered,45
972,Susceptible,39
972,Infectious,21
972,Recovered,40
973,Susceptible,38
973,Infectious,27
973,Recovered,35
974,Susceptible,32
974,Infectious,22
974,Recovered,46
975,Susceptible,35
975,Infectious,20
975,Recovered,45
976,Susceptible,36
976,Infectious,17
976,Recovered,47
977,Susceptible,47
977,Infectious,14
977,Recovered,39
978,Susceptible,45
978,Infectious,17
978,Recovered,38
979,Susceptible,37
979,Infectious,28
979,Recovered,35
980,Susceptible,38
980,Infectious,16
980,Recovered,46
981,Susceptible,23
981,Infectious,36
981,Recovered,41
982,Susceptible,28
982,Infectious,18
982,Recovered,54
983,Susceptible,36
983,Infectious,22
983,Recovered,42
984,Susceptible,27
984,Infectious,24
984,Recovered,49
985,Susceptible,47
985,Infectious,8
985,Recovered,45
986,Susceptible,38
986,Infectious,26
986,Recovered,36
987,Susceptible,38
987,Infectious,23
987,Recovered,39
988,Susceptible,38
988,Infectious,18
988,Recovered,44
989,Susceptible,43
989,Infectious,15
989,Recovered,42
990,Susceptible,40
990,Infectious,23
990,Recovered,37
991,Susceptible,33
991,Infectious,26
991,Recovered,41
992,Susceptible,30
992,Infectious,19
992,Recovered,51
993,Susceptible,30
993,Infectious,26
993,Recovered,44
994,Susceptible,24
994,Infectious,20
994,Recovered,56
995,Susceptible,31
995,Infectious,16
995,Recovered,53
996,Susceptible,36
996,Infectious,18
996,Recovered,46
997,Susceptible,42
997,Infectious,13
997,Recovered,45
998,Susceptible,38
998,Infectious,25
998,Recovered,37
999,Susceptible,38
999,Infectious,19
999,Recovered,43
Epoch,State,Count
Epoch,State,Count
0,Susceptible,53
0,Infectious,26
0,Recovered,20
1,Susceptible,42
1,Infectious,22
1,Recovered,35
2,Susceptible,35
2,Infectious,18
2,Recovered,46
3,Susceptible,34
3,Infectious,18
3,Recovered,47
4,Susceptible,34
4,Infectious,19
4,Recovered,45
5,Susceptible,35
5,Infectious,20
5,Recovered,44
6,Susceptible,33
6,Infectious,22
6,Recovered,44
7,Susceptible,32
7,Infectious,21
7,Recovered,46
8,Susceptible,33
8,Infectious,23
8,Recovered,43
9,Susceptible,32
9,Infectious,24
9,Recovered,43
10,Susceptible,32
10,Infectious,22
10,Recovered,45
11,Susceptible,33
11,Infectious,21
11,Recovered,45
12,Susceptible,32
12,Infectious,21
12,Recovered,46
13,Susceptible,35
13,Infectious,20
13,Recovered,43
14,Susceptible,34
14,Infectious,22
14,Recovered,43
15,Susceptible,32
15,Infectious,23
15,Recovered,44
16,Susceptible,30
16,Infectious,22
16,Recovered,47
17,Susceptible,31
17,Infectious,20
17,Recovered,47
18,Susceptible,33
18,Infectious,20
18,Recovered,46
19,Susceptible,32
19,Infectious,20
19,Recovered,47
20,Susceptible,32
20,Infectious,21
20,Recovered,46
21,Susceptible,32
21,Infectious,19
21,Recovered,48
22,Susceptible,37
22,Infectious,19
22,Recovered,43
23,Susceptible,33
23,Infectious,22
23,Recovered,44
24,Susceptible,33
24,Infectious,19
24,Recovered,47
25,Susceptible,36
25,Infectious,18
25,Recovered,45
26,Susceptible,32
26,Infectious,21
26,Recovered,46
27,Susceptible,30
27,Infectious,26
27,Recovered,44
28,Susceptible,32
28,Infectious,23
28,Recovered,43
29,Susceptible,33
29,Infectious,22
29,Recovered,44
30,Susceptible,32
30,Infectious,21
30,Recovered,46
31,Susceptible,33
31,Infectious,22
31,Recovered,44
32,Susceptible,34
32,Infectious,22
32,Recovered,44
33,Susceptible,32
33,Infectious,21
33,Recovered,46
34,Susceptible,33
34,Infectious,20
34,Recovered,46
35,Susceptible,33
35,Infectious,21
35,Recovered,45
36,Susceptible,33
36,Infectious,20
36,Recovered,46
37,Susceptible,32
37,Infectious,21
37,Recovered,45
38,Susceptible,33
38,Infectious,21
38,Recovered,45
39,Susceptible,31
39,Infectious,22
39,Recovered,45
40,Susceptible,31
40,Infectious,22
40,Recovered,46
41,Susceptible,34
41,Infectious,23
41,Recovered,42
42,Susceptible,32
42,Infectious,24
42,Recovered,44
43,Susceptible,32
43,Infectious,22
43,Recovered,45
44,Susceptible,32
44,Infectious,22
44,Recovered,45
45,Susceptible,34
45,Infectious,21
45,Recovered,44
46,Susceptible,34
46,Infectious,21
46,Recovered,44
47,Susceptible,32
47,Infectious,22
47,Recovered,44
48,Susceptible,31
48,Infectious,21
48,Recovered,46
49,Susceptible,31
49,Infectious,19
49,Recovered,49
50,Susceptible,33
50,Infectious,18
50,Recovered,48
51,Susceptible,36
51,Infectious,18
51,Recovered,45
52,Susceptible,34
52,Infectious,20
52,Recovered,46
53,Susceptible,33
53,Infectious,19
53,Recovered,46
54,Susceptible,33
54,Infectious,19
54,Recovered,47
55,Susceptible,30
55,Infectious,20
55,Recovered,48
56,Susceptible,34
56,Infectious,20
56,Recovered,45
57,Susceptible,32
57,Infectious,22
57,Recovered,44
58,Susceptible,35
58,Infectious,22
58,Recovered,41
59,Susceptible,32
59,Infectious,25
59,Recovered,42
60,Susceptible,30
60,Infectious,26
60,Recovered,43
61,Susceptible,32
61,Infectious,23
61,Recovered,44
62,Susceptible,30
62,Infectious,22
62,Recovered,47
63,Susceptible,33
63,Infectious,19
63,Recovered,47
64,Susceptible,35
64,Infectious,18
64,Recovered,46
65,Susceptible,35
65,Infectious,19
65,Recovered,45
66,Susceptible,37
66,Infectious,20
66,Recovered,42
67,Susceptible,32
67,Infectious,21
67,Recovered,45
68,Susceptible,31
68,Infectious,20
68,Recovered,47
69,Susceptible,32
69,Infectious,20
69,Recovered,47
70,Susceptible,33
70,Infectious,20
70,Recovered,46
71,Susceptible,32
71,Infectious,21
71,Recovered,45
72,Susceptible,31
72,Infectious,20
72,Recovered,47
73,Susceptible,33
73,Infectious,22
73,Recovered,44
74,Susceptible,33
74,Infectious,21
74,Recovered,44
75,Susceptible,31
75,Infectious,22
75,Recovered,45
76,Susceptible,30
76,Infectious,24
76,Recovered,45
77,Susceptible,32
77,Infectious,22
77,Recovered,45
78,Susceptible,34
78,Infectious,22
78,Recovered,43
79,Susceptible,33
79,Infectious,26
79,Recovered,40
80,Susceptible,31
80,Infectious,23
80,Recovered,45
81,Susceptible,31
81,Infectious,23
81,Recovered,45
82,Susceptible,32
82,Infectious,24
82,Recovered,43
83,Susceptible,34
83,Infectious,22
83,Recovered,43
84,Susceptible,32
84,Infectious,23
84,Recovered,43
85,Susceptible,34
85,Infectious,20
85,Recovered,45
86,Susceptible,33
86,Infectious,22
86,Recovered,44
87,Susceptible,34
87,Infectious,21
87,Recovered,43
88,Susceptible,33
88,Infectious,19
88,Recovered,47
89,Susceptible,35
89,Infectious,20
89,Recovered,44
90,Susceptible,32
90,Infectious,23
90,Recovered,43
91,Susceptible,34
91,Infectious,22
91,Recovered,42
92,Susceptible,32
92,Infectious,22
92,Recovered,45
93,Susceptible,32
93,Infectious,20
93,Recovered,47
94,Susceptible,30
94,Infectious,22
94,Recovered,47
95,Susceptible,31
95,Infectious,19
95,Recovered,48
96,Susceptible,32
96,Infectious,20
96,Recovered,47
97,Susceptible,33
97,Infectious,21
97,Recovered,45
98,Susceptible,34
98,Infectious,20
98,Recovered,45
99,Susceptible,32
99,Infectious,18
99,Recovered,48
Epoch,State,Count
0,Susceptible,57
0,Infectious,32
0,Recovered,11
1,Susceptible,38
1,Infectious,30
1,Recovered,31
2,Susceptible,33
2,Infectious,20
2,Recovered,46
3,Susceptible,36
3,Infectious,18
3,Recovered,45
4,Susceptible,34
4,Infectious,19
4,Recovered,46
5,Susceptible,35
5,Infectious,18
5,Recovered,45
6,Susceptible,35
6,Infectious,19
6,Recovered,45
7,Susceptible,34
7,Infectious,21
7,Recovered,44
8,Susceptible,32
8,Infectious,24
8,Recovered,43
9,Susceptible,31
9,Infectious,25
9,Recovered,43
10,Susceptible,27
10,Infectious,26
10,Recovered,46
11,Susceptible,29
11,Infectious,24
11,Recovered,46
12,Susceptible,31
12,Infectious,22
12,Recovered,46
13,Susceptible,33
13,Infectious,25
13,Recovered,41
14,Susceptible,32
14,Infectious,23
14,Recovered,44
15,Susceptible,31
15,Infectious,26
15,Recovered,42
16,Susceptible,31
16,Infectious,25
16,Recovered,43
17,Susceptible,30
17,Infectious,24
17,Recovered,45
18,Susceptible,31
18,Infectious,21
18,Recovered,47
19,Susceptible,32
19,Infectious,21
19,Recovered,46
20,Susceptible,31
20,Infectious,21
20,Recovered,46
21,Susceptible,31
21,Infectious,23
21,Recovered,45
22,Susceptible,31
22,Infectious,21
22,Recovered,47
23,Susceptible,34
23,Infectious,20
23,Recovered,44
24,Susceptible,31
24,Infectious,29
24,Recovered,38
25,Susceptible,29
25,Infectious,26
25,Recovered,44
26,Susceptible,31
26,Infectious,27
26,Recovered,41
27,Susceptible,30
27,Infectious,25
27,Recovered,44
28,Susceptible,30
28,Infectious,26
28,Recovered,43
29,Susceptible,34
29,Infectious,20
29,Recovered,45
30,Susceptible,34
30,Infectious,20
30,Recovered,45
31,Susceptible,35
31,Infectious,19
31,Recovered,45
32,Susceptible,35
32,Infectious,20
32,Recovered,44
33,Susceptible,35
33,Infectious,19
33,Recovered,45
34,Susceptible,32
34,Infectious,25
34,Recovered,42
35,Susceptible,33
35,Infectious,22
35,Recovered,44
36,Susceptible,33
36,Infectious,23
36,Recovered,43
37,Susceptible,32
37,Infectious,25
37,Recovered,42
38,Susceptible,31
38,Infectious,23
38,Recovered,45
39,Susceptible,33
39,Infectious,24
39,Recovered,42
40,Susceptible,28
40,Infectious,26
40,Recovered,45
41,Susceptible,28
41,Infectious,24
41,Recovered,47
42,Susceptible,30
42,Infectious,19
42,Recovered,49
43,Susceptible,39
43,Infectious,19
43,Recovered,41
44,Susceptible,34
44,Infectious,23
44,Recovered,42
45,Susceptible,30
45,Infectious,24
45,Recovered,45
46,Susceptible,33
46,Infectious,24
46,Recovered,42
47,Susceptible,30
47,Infectious,24
47,Recovered,44
48,Susceptible,34
48,Infectious,23
48,Recovered,42
49,Susceptible,31
49,Infectious,26
49,Recovered,42
50,Susceptible,27
50,Infectious,27
50,Recovered,45
51,Susceptible,30
51,Infectious,21
51,Recovered,48
52,Susceptible,33
52,Infectious,21
52,Recovered,44
53,Susceptible,31
53,Infectious,23
53,Recovered,44
54,Susceptible,30
54,Infectious,25
54,Recovered,43
55,Susceptible,32
55,Infectious,25
55,Recovered,42
56,Susceptible,30
56,Infectious,25
56,Recovered,44
57,Susceptible,31
57,Infectious,25
57,Recovered,44
58,Susceptible,33
58,Infectious,23
58,Recovered,43
59,Susceptible,33
59,Infectious,26
59,Recovered,40
60,Susceptible,31
60,Infectious,26
60,Recovered,42
61,Susceptible,32
61,Infectious,24
61,Recovered,43
62,Susceptible,31
62,Infectious,26
62,Recovered,42
63,Susceptible,30
63,Infectious,27
63,Recovered,42
64,Susceptible,33
64,Infectious,26
64,Recovered,40
65,Susceptible,33
65,Infectious,27
65,Recovered,40
66,Susceptible,30
66,Infectious,27
66,Recovered,42
67,Susceptible,30
67,Infectious,24
67,Recovered,45
68,Susceptible,31
68,Infectious,26
68,Recovered,42
69,Susceptible,32
69,Infectious,24
69,Recovered,43
70,Susceptible,34
70,Infectious,24
70,Recovered,41
71,Susceptible,32
71,Infectious,24
71,Recovered,42
72,Susceptible,33
72,Infectious,24
72,Recovered,42
73,Susceptible,31
73,Infectious,22
73,Recovered,45
74,Susceptible,34
74,Infectious,20
74,Recovered,45
75,Susceptible,33
75,Infectious,23
75,Recovered,43
76,Susceptible,34
76,Infectious,24
76,Recovered,42
77,Susceptible,30
77,Infectious,22
77,Recovered,47
78,Susceptible,33
78,Infectious,20
78,Recovered,46
79,Susceptible,33
79,Infectious,20
79,Recovered,46
80,Susceptible,28
80,Infectious,26
80,Recovered,45
81,Susceptible,29
81,Infectious,25
81,Recovered,44
82,Susceptible,30
82,Infectious,25
82,Recovered,45
83,Susceptible,31
83,Infectious,26
83,Recovered,42
84,Susceptible,33
84,Infectious,20
84,Recovered,46
85,Susceptible,34
85,Infectious,22
85,Recovered,43
86,Susceptible,32
86,Infectious,22
86,Recovered,45
87,Susceptible,31
87,Infectious,22
87,Recovered,45
88,Susceptible,31
88,Infectious,21
88,Recovered,47
89,Susceptible,34
89,Infectious,18
89,Recovered,46
90,Susceptible,35
90,Infectious,18
90,Recovered,45
91,Susceptible,33
91,Infectious,22
91,Recovered,44
92,Susceptible,33
92,Infectious,24
92,Recovered,42
93,Susceptible,34
93,Infectious,26
93,Recovered,39
94,Susceptible,31
94,Infectious,27
94,Recovered,41
95,Susceptible,30
95,Infectious,27
95,Recovered,43
96,Susceptible,27
96,Infectious,25
96,Recovered,47
97,Susceptible,33
97,Infectious,21
97,Recovered,46
98,Susceptible,33
98,Infectious,22
98,Recovered,44
99,Susceptible,30
99,Infectious,27
99,Recovered,42
Epoch,State,Count
0,Susceptible,34
0,Infectious,45
0,Recovered,20
1,Susceptible,17
1,Infectious,36
1,Recovered,46
2,Susceptible,26
2,Infectious,23
2,Recovered,50
3,Susceptible,28
3,Infectious,25
3,Recovered,46
4,Susceptible,24
4,Infectious,27
4,Recovered,48
5,Susceptible,24
5,Infectious,25
5,Recovered,50
6,Susceptible,27
6,Infectious,23
6,Recovered,49
7,Susceptible,28
7,Infectious,24
7,Recovered,47
8,Susceptible,26
8,Infectious,24
8,Recovered,48
9,Susceptible,26
9,Infectious,23
9,Recovered,50
10,Susceptible,25
10,Infectious,24
10,Recovered,50
11,Susceptible,25
11,Infectious,24
11,Recovered,49
12,Susceptible,26
12,Infectious,25
12,Recovered,48
13,Susceptible,24
13,Infectious,24
13,Recovered,51
14,Susceptible,27
14,Infectious,22
14,Recovered,49
15,Susceptible,27
15,Infectious,25
15,Recovered,47
16,Susceptible,25
16,Infectious,27
16,Recovered,47
17,Susceptible,25
17,Infectious,25
17,Recovered,49
18,Susceptible,24
18,Infectious,27
18,Recovered,48
19,Susceptible,24
19,Infectious,26
19,Recovered,49
20,Susceptible,27
20,Infectious,24
20,Recovered,48
21,Susceptible,26
21,Infectious,24
21,Recovered,48
22,Susceptible,26
22,Infectious,24
22,Recovered,48
23,Susceptible,26
23,Infectious,22
23,Recovered,50
24,Susceptible,28
24,Infectious,23
24,Recovered,47
25,Susceptible,25
25,Infectious,23
25,Recovered,50
26,Susceptible,27
26,Infectious,21
26,Recovered,50
27,Susceptible,29
27,Infectious,22
27,Recovered,47
28,Susceptible,26
28,Infectious,28
28,Recovered,45
29,Susceptible,23
29,Infectious,26
29,Recovered,50
30,Susceptible,26
30,Infectious,25
30,Recovered,48
31,Susceptible,26
31,Infectious,26
31,Recovered,46
32,Susceptible,23
32,Infectious,27
32,Recovered,48
33,Susceptible,24
33,Infectious,24
33,Recovered,51
34,Susceptible,26
34,Infectious,24
34,Recovered,49
35,Susceptible,25
35,Infectious,25
35,Recovered,49
36,Susceptible,25
36,Infectious,25
36,Recovered,49
37,Susceptible,25
37,Infectious,23
37,Recovered,50
38,Susceptible,28
38,Infectious,20
38,Recovered,51
39,Susceptible,29
39,Infectious,23
39,Recovered,46
40,Susceptible,29
40,Infectious,24
40,Recovered,46
41,Susceptible,28
41,Infectious,24
41,Recovered,46
42,Susceptible,29
42,Infectious,23
42,Recovered,47
43,Susceptible,27
43,Infectious,26
43,Recovered,46
44,Susceptible,23
44,Infectious,27
44,Recovered,48
45,Susceptible,26
45,Infectious,24
45,Recovered,49
46,Susceptible,25
46,Infectious,27
46,Recovered,47
47,Susceptible,25
47,Infectious,26
47,Recovered,48
48,Susceptible,23
48,Infectious,26
48,Recovered,49
49,Susceptible,26
49,Infectious,24
49,Recovered,49
50,Susceptible,26
50,Infectious,24
50,Recovered,49
51,Susceptible,25
51,Infectious,25
51,Recovered,48
52,Susceptible,25
52,Infectious,23
52,Recovered,50
53,Susceptible,27
53,Infectious,21
53,Recovered,50
54,Susceptible,28
54,Infectious,24
54,Recovered,47
55,Susceptible,26
55,Infectious,26
55,Recovered,47
56,Susceptible,24
56,Infectious,25
56,Recovered,49
57,Susceptible,25
57,Infectious,25
57,Recovered,49
58,Susceptible,23
58,Infectious,26
58,Recovered,49
59,Susceptible,26
59,Infectious,24
59,Recovered,49
60,Susceptible,25
60,Infectious,25
60,Recovered,49
61,Susceptible,26
61,Infectious,23
61,Recovered,49
62,Susceptible,27
62,Infectious,24
62,Recovered,48
63,Susceptible,25
63,Infectious,26
63,Recovered,48
64,Susceptible,25
64,Infectious,25
64,Recovered,49
65,Susceptible,28
65,Infectious,22
65,Recovered,49
66,Susceptible,28
66,Infectious,25
66,Recovered,46
67,Susceptible,26
67,Infectious,25
67,Recovered,48
68,Susceptible,27
68,Infectious,23
68,Recovered,49
69,Susceptible,26
69,Infectious,25
69,Recovered,48
70,Susceptible,26
70,Infectious,23
70,Recovered,50
71,Susceptible,26
71,Infectious,25
71,Recovered,47
72,Susceptible,26
72,Infectious,26
72,Recovered,47
73,Susceptible,27
73,Infectious,23
73,Recovered,49
74,Susceptible,28
74,Infectious,23
74,Recovered,48
75,Susceptible,26
75,Infectious,24
75,Recovered,49
76,Susceptible,25
76,Infectious,25
76,Recovered,48
77,Susceptible,25
77,Infectious,24
77,Recovered,49
78,Susceptible,28
78,Infectious,23
78,Recovered,48
79,Susceptible,27
79,Infectious,25
79,Recovered,47
80,Susceptible,25
80,Infectious,24
80,Recovered,49
81,Susceptible,28
81,Infectious,24
81,Recovered,47
82,Susceptible,24
82,Infectious,26
82,Recovered,48
83,Susceptible,27
83,Infectious,22
83,Recovered,50
84,Susceptible,26
84,Infectious,26
84,Recovered,47
85,Susceptible,25
85,Infectious,26
85,Recovered,48
86,Susceptible,25
86,Infectious,24
86,Recovered,50
87,Susceptible,27
87,Infectious,23
87,Recovered,48
88,Susceptible,24
88,Infectious,25
88,Recovered,50
89,Susceptible,25
89,Infectious,24
89,Recovered,49
90,Susceptible,27
90,Infectious,23
90,Recovered,49
91,Susceptible,26
91,Infectious,23
91,Recovered,49
92,Susceptible,28
92,Infectious,23
92,Recovered,48
93,Susceptible,28
93,Infectious,23
93,Recovered,48
94,Susceptible,27
94,Infectious,23
94,Recovered,48
95,Susceptible,27
95,Infectious,25
95,Recovered,47
96,Susceptible,24
96,Infectious,27
96,Recovered,48
97,Susceptible,25
97,Infectious,25
97,Recovered,48
98,Susceptible,27
98,Infectious,24
98,Recovered,47
99,Susceptible,25
99,Infectious,25
99,Recovered,48
Epoch,State,Count
0,Susceptible,45
0,Infectious,44
0,Recovered,10
1,Susceptible,26
1,Infectious,29
1,Recovered,43
2,Susceptible,31
2,Infectious,24
2,Recovered,44
3,Susceptible,26
3,Infectious,32
3,Recovered,41
4,Susceptible,23
4,Infectious,30
4,Recovered,46
5,Susceptible,21
5,Infectious,30
5,Recovered,48
6,Susceptible,22
6,Infectious,26
6,Recovered,50
7,Susceptible,23
7,Infectious,24
7,Recovered,52
8,Susceptible,25
8,Infectious,25
8,Recovered,49
9,Susceptible,27
9,Infectious,24
9,Recovered,48
10,Susceptible,22
10,Infectious,27
10,Recovered,49
11,Susceptible,25
11,Infectious,27
11,Recovered,47
12,Susceptible,22
12,Infectious,28
12,Recovered,48
13,Susceptible,25
13,Infectious,25
13,Recovered,49
14,Susceptible,25
14,Infectious,23
14,Recovered,51
15,Susceptible,27
15,Infectious,24
15,Recovered,48
16,Susceptible,27
16,Infectious,25
16,Recovered,47
17,Susceptible,25
17,Infectious,26
17,Recovered,48
18,Susceptible,26
18,Infectious,26
18,Recovered,47
19,Susceptible,26
19,Infectious,25
19,Recovered,47
20,Susceptible,26
20,Infectious,24
20,Recovered,49
21,Susceptible,27
21,Infectious,27
21,Recovered,45
22,Susceptible,26
22,Infectious,26
22,Recovered,46
23,Susceptible,26
23,Infectious,25
23,Recovered,47
24,Susceptible,26
24,Infectious,26
24,Recovered,47
25,Susceptible,24
25,Infectious,26
25,Recovered,49
26,Susceptible,27
26,Infectious,24
26,Recovered,47
27,Susceptible,26
27,Infectious,27
27,Recovered,45
28,Susceptible,26
28,Infectious,25
28,Recovered,47
29,Susceptible,26
29,Infectious,25
29,Recovered,48
30,Susceptible,28
30,Infectious,22
30,Recovered,49
31,Susceptible,27
31,Infectious,26
31,Recovered,46
32,Susceptible,24
32,Infectious,25
32,Recovered,50
33,Susceptible,25
33,Infectious,27
33,Recovered,47
34,Susceptible,25
34,Infectious,27
34,Recovered,47
35,Susceptible,26
35,Infectious,24
35,Recovered,49
36,Susceptible,26
36,Infectious,25
36,Recovered,48
37,Susceptible,23
37,Infectious,26
37,Recovered,50
38,Susceptible,26
38,Infectious,22
38,Recovered,51
39,Susceptible,28
39,Infectious,23
39,Recovered,47
40,Susceptible,26
40,Infectious,25
40,Recovered,47
41,Susceptible,27
41,Infectious,23
41,Recovered,49
42,Susceptible,27
42,Infectious,24
42,Recovered,47
43,Susceptible,24
43,Infectious,27
43,Recovered,48
44,Susceptible,26
44,Infectious,25
44,Recovered,48
45,Susceptible,24
45,Infectious,27
45,Recovered,48
46,Susceptible,25
46,Infectious,26
46,Recovered,48
47,Susceptible,25
47,Infectious,26
47,Recovered,48
48,Susceptible,25
48,Infectious,26
48,Recovered,48
49,Susceptible,26
49,Infectious,25
49,Recovered,48
50,Susceptible,25
50,Infectious,25
50,Recovered,49
51,Susceptible,28
51,Infectious,23
51,Recovered,48
52,Susceptible,29
52,Infectious,24
52,Recovered,46
53,Susceptible,25
53,Infectious,27
53,Recovered,46
54,Susceptible,24
54,Infectious,25
54,Recovered,49
55,Susceptible,27
55,Infectious,22
55,Recovered,50
56,Susceptible,29
56,Infectious,25
56,Recovered,44
57,Susceptible,25
57,Infectious,28
57,Recovered,46
58,Susceptible,25
58,Infectious,24
58,Recovered,50
59,Susceptible,26
59,Infectious,24
59,Recovered,49
60,Susceptible,25
60,Infectious,26
60,Recovered,48
61,Susceptible,27
61,Infectious,24
61,Recovered,47
62,Susceptible,26
62,Infectious,28
62,Recovered,45
63,Susceptible,24
63,Infectious,28
63,Recovered,47
64,Susceptible,26
64,Infectious,24
64,Recovered,49
65,Susceptible,26
65,Infectious,25
65,Recovered,47
66,Susceptible,27
66,Infectious,25
66,Recovered,47
67,Susceptible,25
67,Infectious,27
67,Recovered,47
68,Susceptible,25
68,Infectious,28
68,Recovered,46
69,Susceptible,23
69,Infectious,28
69,Recovered,48
70,Susceptible,25
70,Infectious,26
70,Recovered,48
71,Susceptible,27
71,Infectious,25
71,Recovered,46
72,Susceptible,26
72,Infectious,27
72,Recovered,46
73,Susceptible,24
73,Infectious,30
73,Recovered,46
74,Susceptible,22
74,Infectious,28
74,Recovered,48
75,Susceptible,25
75,Infectious,26
75,Recovered,48
76,Susceptible,23
76,Infectious,27
76,Recovered,48
77,Susceptible,23
77,Infectious,28
77,Recovered,48
78,Susceptible,26
78,Infectious,23
78,Recovered,49
79,Susceptible,27
79,Infectious,24
79,Recovered,48
80,Susceptible,28
80,Infectious,24
80,Recovered,47
81,Susceptible,24
81,Infectious,27
81,Recovered,48
82,Susceptible,25
82,Infectious,26
82,Recovered,47
83,Susceptible,25
83,Infectious,25
83,Recovered,49
84,Susceptible,26
84,Infectious,24
84,Recovered,49
85,Susceptible,27
85,Infectious,25
85,Recovered,47
86,Susceptible,25
86,Infectious,27
86,Recovered,47
87,Susceptible,24
87,Infectious,27
87,Recovered,47
88,Susceptible,24
88,Infectious,24
88,Recovered,50
89,Susceptible,27
89,Infectious,23
89,Recovered,49
90,Susceptible,27
90,Infectious,22
90,Recovered,49
91,Susceptible,30
91,Infectious,21
91,Recovered,48
92,Susceptible,26
92,Infectious,28
92,Recovered,45
93,Susceptible,28
93,Infectious,25
93,Recovered,46
94,Susceptible,26
94,Infectious,26
94,Recovered,47
95,Susceptible,29
95,Infectious,22
95,Recovered,48
96,Susceptible,29
96,Infectious,25
96,Recovered,45
97,Susceptible,23
97,Infectious,28
97,Recovered,47
98,Susceptible,22
98,Infectious,26
98,Recovered,50
99,Susceptible,27
99,Infectious,23
99,Recovered,49
Epoch,State,Count
0,Susceptible,33
0,Infectious,46
0,Recovered,20
1,Susceptible,18
1,Infectious,38
1,Recovered,43
2,Susceptible,22
2,Infectious,29
2,Recovered,48
3,Susceptible,23
3,Infectious,29
3,Recovered,47
4,Susceptible,22
4,Infectious,29
4,Recovered,47
5,Susceptible,22
5,Infectious,28
5,Recovered,48
6,Susceptible,22
6,Infectious,28
6,Recovered,48
7,Susceptible,22
7,Infectious,29
7,Recovered,48
8,Susceptible,22
8,Infectious,28
8,Recovered,48
9,Susceptible,22
9,Infectious,28
9,Recovered,48
10,Susceptible,22
10,Infectious,28
10,Recovered,48
11,Susceptible,23
11,Infectious,28
11,Recovered,48
12,Susceptible,22
12,Infectious,28
12,Recovered,48
13,Susceptible,22
13,Infectious,28
13,Recovered,48
14,Susceptible,22
14,Infectious,28
14,Recovered,48
15,Susceptible,22
15,Infectious,28
15,Recovered,48
16,Susceptible,22
16,Infectious,28
16,Recovered,48
17,Susceptible,23
17,Infectious,28
17,Recovered,48
18,Susceptible,23
18,Infectious,28
18,Recovered,48
19,Susceptible,23
19,Infectious,28
19,Recovered,48
20,Susceptible,22
20,Infectious,28
20,Recovered,48
21,Susceptible,22
21,Infectious,28
21,Recovered,48
22,Susceptible,23
22,Infectious,28
22,Recovered,48
23,Susceptible,23
23,Infectious,28
23,Recovered,48
24,Susceptible,22
24,Infectious,28
24,Recovered,48
25,Susceptible,22
25,Infectious,28
25,Recovered,48
26,Susceptible,22
26,Infectious,28
26,Recovered,48
27,Susceptible,23
27,Infectious,28
27,Recovered,48
28,Susceptible,22
28,Infectious,28
28,Recovered,48
29,Susceptible,23
29,Infectious,28
29,Recovered,48
30,Susceptible,23
30,Infectious,28
30,Recovered,48
31,Susceptible,23
31,Infectious,28
31,Recovered,48
32,Susceptible,23
32,Infectious,28
32,Recovered,48
33,Susceptible,22
33,Infectious,28
33,Recovered,48
34,Susceptible,22
34,Infectious,28
34,Recovered,48
35,Susceptible,22
35,Infectious,28
35,Recovered,48
36,Susceptible,22
36,Infectious,28
36,Recovered,48
37,Susceptible,23
37,Infectious,28
37,Recovered,48
38,Susceptible,22
38,Infectious,28
38,Recovered,48
39,Susceptible,22
39,Infectious,28
39,Recovered,48
40,Susceptible,22
40,Infectious,28
40,Recovered,48
41,Susceptible,22
41,Infectious,28
41,Recovered,48
42,Susceptible,23
42,Infectious,28
42,Recovered,48
43,Susceptible,22
43,Infectious,28
43,Recovered,48
44,Susceptible,23
44,Infectious,28
44,Recovered,48
45,Susceptible,23
45,Infectious,28
45,Recovered,48
46,Susceptible,23
46,Infectious,28
46,Recovered,48
47,Susceptible,22
47,Infectious,28
47,Recovered,48
48,Susceptible,22
48,Infectious,28
48,Recovered,48
49,Susceptible,22
49,Infectious,28
49,Recovered,48
50,Susceptible,22
50,Infectious,28
50,Recovered,48
51,Susceptible,22
51,Infectious,28
51,Recovered,48
52,Susceptible,22
52,Infectious,28
52,Recovered,48
53,Susceptible,22
53,Infectious,28
53,Recovered,48
54,Susceptible,22
54,Infectious,28
54,Recovered,48
55,Susceptible,23
55,Infectious,28
55,Recovered,48
56,Susceptible,22
56,Infectious,28
56,Recovered,48
57,Susceptible,23
57,Infectious,28
57,Recovered,48
58,Susceptible,23
58,Infectious,28
58,Recovered,48
59,Susceptible,23
59,Infectious,28
59,Recovered,48
60,Susceptible,22
60,Infectious,28
60,Recovered,48
61,Susceptible,22
61,Infectious,28
61,Recovered,48
62,Susceptible,22
62,Infectious,28
62,Recovered,48
63,Susceptible,23
63,Infectious,28
63,Recovered,48
64,Susceptible,23
64,Infectious,28
64,Recovered,48
65,Susceptible,23
65,Infectious,28
65,Recovered,48
66,Susceptible,23
66,Infectious,28
66,Recovered,48
67,Susceptible,23
67,Infectious,28
67,Recovered,48
68,Susceptible,23
68,Infectious,28
68,Recovered,48
69,Susceptible,23
69,Infectious,28
69,Recovered,48
70,Susceptible,23
70,Infectious,28
70,Recovered,48
71,Susceptible,23
71,Infectious,28
71,Recovered,48
72,Susceptible,22
72,Infectious,28
72,Recovered,48
73,Susceptible,23
73,Infectious,28
73,Recovered,48
74,Susceptible,23
74,Infectious,28
74,Recovered,48
75,Susceptible,22
75,Infectious,28
75,Recovered,48
76,Susceptible,22
76,Infectious,28
76,Recovered,48
77,Susceptible,22
77,Infectious,28
77,Recovered,48
78,Susceptible,23
78,Infectious,28
78,Recovered,48
79,Susceptible,22
79,Infectious,28
79,Recovered,48
80,Susceptible,23
80,Infectious,28
80,Recovered,48
81,Susceptible,23
81,Infectious,28
81,Recovered,48
82,Susceptible,22
82,Infectious,28
82,Recovered,48
83,Susceptible,22
83,Infectious,28
83,Recovered,48
84,Susceptible,22
84,Infectious,28
84,Recovered,48
85,Susceptible,23
85,Infectious,28
85,Recovered,48
86,Susceptible,23
86,Infectious,28
86,Recovered,48
87,Susceptible,23
87,Infectious,28
87,Recovered,48
88,Susceptible,23
88,Infectious,28
88,Recovered,48
89,Susceptible,22
89,Infectious,28
89,Recovered,48
90,Susceptible,22
90,Infectious,28
90,Recovered,48
91,Susceptible,22
91,Infectious,28
91,Recovered,48
92,Susceptible,22
92,Infectious,28
92,Recovered,48
93,Susceptible,23
93,Infectious,28
93,Recovered,48
94,Susceptible,23
94,Infectious,28
94,Recovered,48
95,Susceptible,23
95,Infectious,28
95,Recovered,48
96,Susceptible,23
96,Infectious,28
96,Recovered,48
97,Susceptible,23
97,Infectious,28
97,Recovered,48
98,Susceptible,22
98,Infectious,28
98,Recovered,48
99,Susceptible,22
99,Infectious,28
99,Recovered,48
